timestamp,timestamp_local,sample_rh,sample_temp,pm1,pm25,pm10
2025-10-25T13:02:44Z,2025-10-25T09:02:44Z,49.3,25.0,0.812,1.096,1.773
2025-10-25T13:03:44Z,2025-10-25T09:03:44Z,49.2,25.0,0.872,1.142,4.029
2025-10-25T13:04:44Z,2025-10-25T09:04:44Z,49.1,25.1,0.859,1.135,3.154
2025-10-25T13:05:44Z,2025-10-25T09:05:44Z,49.1,25.1,0.801,0.97,4.453
2025-10-25T13:06:45Z,2025-10-25T09:06:45Z,49.1,25.1,0.913,1.21,3.409
2025-10-25T13:07:45Z,2025-10-25T09:07:45Z,49.1,25.1,0.819,1.067,1.19
2025-10-25T13:08:45Z,2025-10-25T09:08:45Z,49.1,25.1,0.907,1.152,2.213
2025-10-25T13:09:45Z,2025-10-25T09:09:45Z,49.0,25.1,0.779,1.084,2.001
2025-10-25T13:10:45Z,2025-10-25T09:10:45Z,49.1,25.2,0.897,1.085,3.25
2025-10-25T13:11:45Z,2025-10-25T09:11:45Z,49.1,25.2,0.938,1.155,3.506
2025-10-25T13:12:45Z,2025-10-25T09:12:45Z,49.6,25.2,0.824,1.092,8.249
2025-10-25T13:13:45Z,2025-10-25T09:13:45Z,50.0,25.2,1.07,1.368,6.506
2025-10-25T13:14:45Z,2025-10-25T09:14:45Z,49.6,25.2,1.035,1.276,22.464
2025-10-25T13:15:45Z,2025-10-25T09:15:45Z,49.1,25.2,1.004,1.291,3.957
2025-10-25T13:16:45Z,2025-10-25T09:16:45Z,48.9,25.3,0.81,1.155,21.833
2025-10-25T13:17:45Z,2025-10-25T09:17:45Z,48.9,25.3,0.739,1.202,1.739
2025-10-25T13:18:45Z,2025-10-25T09:18:45Z,48.8,25.3,0.737,0.975,10.665
2025-10-25T13:19:45Z,2025-10-25T09:19:45Z,48.9,25.4,0.896,1.111,9.45
2025-10-25T13:20:45Z,2025-10-25T09:20:45Z,48.8,25.4,0.784,1.057,2.085
2025-10-25T13:21:45Z,2025-10-25T09:21:45Z,48.9,25.4,0.769,1.008,3.706
2025-10-25T13:22:45Z,2025-10-25T09:22:45Z,48.6,25.4,0.756,1.037,1.297
2025-10-25T13:23:45Z,2025-10-25T09:23:45Z,49.7,25.4,0.869,1.209,6.312
2025-10-25T13:24:45Z,2025-10-25T09:24:45Z,52.4,25.4,0.891,1.214,4.826
2025-10-25T13:25:46Z,2025-10-25T09:25:46Z,51.6,25.4,0.984,1.231,1.504
2025-10-25T13:26:46Z,2025-10-25T09:26:46Z,49.0,25.4,1.147,1.393,2.079
2025-10-25T13:27:46Z,2025-10-25T09:27:46Z,48.7,25.5,0.789,1.022,6.682
2025-10-25T13:28:46Z,2025-10-25T09:28:46Z,48.6,25.5,0.856,1.095,6.954
2025-10-25T13:29:46Z,2025-10-25T09:29:46Z,48.6,25.5,0.871,1.097,4.061
2025-10-25T13:30:46Z,2025-10-25T09:30:46Z,48.5,25.5,0.829,1.142,3.31
2025-10-25T13:31:46Z,2025-10-25T09:31:46Z,48.5,25.5,0.713,1.093,5.036
2025-10-25T13:32:46Z,2025-10-25T09:32:46Z,48.5,25.6,0.827,1.077,3.943
2025-10-25T13:33:46Z,2025-10-25T09:33:46Z,48.6,25.6,0.78,1.049,4.103
2025-10-25T13:34:46Z,2025-10-25T09:34:46Z,48.5,25.6,0.918,1.156,2.357
2025-10-25T13:35:46Z,2025-10-25T09:35:46Z,48.5,25.6,0.778,1.015,14.022
2025-10-25T13:36:46Z,2025-10-25T09:36:46Z,48.5,25.6,0.633,0.995,1.738
2025-10-25T13:37:46Z,2025-10-25T09:37:46Z,48.8,25.6,0.828,1.098,1.696
2025-10-25T13:38:46Z,2025-10-25T09:38:46Z,48.5,25.6,0.734,0.943,2.622
2025-10-25T13:39:46Z,2025-10-25T09:39:46Z,48.5,25.6,0.8,0.963,15.932
2025-10-25T13:40:46Z,2025-10-25T09:40:46Z,48.4,25.7,0.923,1.114,11.171
2025-10-25T13:41:46Z,2025-10-25T09:41:46Z,48.6,25.7,0.797,1.449,4.706
2025-10-25T13:42:46Z,2025-10-25T09:42:46Z,48.3,25.7,0.899,2.148,12.557
2025-10-25T13:43:46Z,2025-10-25T09:43:46Z,47.8,25.7,0.992,2.835,28.896
2025-10-25T13:44:47Z,2025-10-25T09:44:47Z,47.4,25.7,0.888,2.234,20.195
2025-10-25T13:45:47Z,2025-10-25T09:45:47Z,46.9,25.7,0.858,1.786,25.618
2025-10-25T13:46:47Z,2025-10-25T09:46:47Z,46.5,25.6,0.809,1.747,4.527
2025-10-25T13:47:47Z,2025-10-25T08:47:47Z,46.1,25.6,0.815,1.615,6.645
2025-10-25T13:48:47Z,2025-10-25T08:48:47Z,45.6,25.6,0.848,1.66,16.592
2025-10-25T13:49:47Z,2025-10-25T08:49:47Z,45.3,25.6,0.902,1.531,4.722
2025-10-25T13:50:47Z,2025-10-25T08:50:47Z,45.0,25.6,0.893,1.447,2.884
2025-10-25T13:51:47Z,2025-10-25T08:51:47Z,44.8,25.6,0.75,1.448,2.387
2025-10-25T13:52:47Z,2025-10-25T08:52:47Z,44.4,25.5,0.898,1.369,2.717
2025-10-25T13:53:47Z,2025-10-25T08:53:47Z,44.2,25.5,0.845,1.378,11.562
2025-10-25T13:54:47Z,2025-10-25T08:54:47Z,44.0,25.5,0.828,1.464,3.812
2025-10-25T13:55:47Z,2025-10-25T08:55:47Z,43.8,25.5,0.728,1.29,5.432
2025-10-25T13:56:47Z,2025-10-25T08:56:47Z,43.5,25.4,0.745,1.19,2.183
2025-10-25T13:57:47Z,2025-10-25T08:57:47Z,43.3,25.4,0.804,1.236,2.034
2025-10-25T13:58:47Z,2025-10-25T08:58:47Z,43.1,25.4,0.861,1.456,2.964
2025-10-25T13:59:47Z,2025-10-25T08:59:47Z,42.8,25.4,0.717,1.23,11.639
2025-10-25T14:00:47Z,2025-10-25T09:00:47Z,42.7,25.3,0.775,1.29,7.1
2025-10-25T14:01:47Z,2025-10-25T09:01:47Z,42.6,25.3,0.768,1.205,2.17
2025-10-25T14:02:47Z,2025-10-25T09:02:47Z,42.5,25.3,0.616,0.965,2.197
2025-10-25T14:03:48Z,2025-10-25T09:03:48Z,42.4,25.3,0.722,1.126,1.43
2025-10-25T14:04:48Z,2025-10-25T09:04:48Z,42.4,25.2,0.796,1.293,1.576
2025-10-25T14:05:48Z,2025-10-25T09:05:48Z,42.2,25.2,0.775,1.274,1.91
2025-10-25T14:06:48Z,2025-10-25T09:06:48Z,42.2,25.2,0.681,1.213,1.344
2025-10-25T14:07:48Z,2025-10-25T09:07:48Z,42.2,25.2,0.798,1.299,1.87
2025-10-25T14:08:48Z,2025-10-25T09:08:48Z,42.8,25.1,0.815,1.43,4.749
2025-10-25T14:09:48Z,2025-10-25T09:09:48Z,42.5,25.1,0.861,1.552,5.517
2025-10-25T14:10:48Z,2025-10-25T09:10:48Z,42.4,25.1,0.954,1.644,3.911
2025-10-25T14:11:48Z,2025-10-25T09:11:48Z,42.5,25.1,0.843,1.532,1.887
2025-10-25T14:12:48Z,2025-10-25T09:12:48Z,42.9,25.0,0.84,1.633,2.503
2025-10-25T14:13:48Z,2025-10-25T09:13:48Z,42.7,25.0,0.822,1.52,4.626
2025-10-25T14:14:48Z,2025-10-25T09:14:48Z,42.6,25.0,0.728,1.473,2.578
2025-10-25T14:15:48Z,2025-10-25T09:15:48Z,42.6,25.0,0.94,1.56,12.311
2025-10-25T14:16:48Z,2025-10-25T09:16:48Z,42.4,25.0,0.981,2.059,4.452
2025-10-25T14:17:48Z,2025-10-25T09:17:48Z,42.4,24.9,0.838,1.689,2.715
2025-10-25T14:18:48Z,2025-10-25T09:18:48Z,42.3,24.9,0.811,1.727,3.915
2025-10-25T14:19:48Z,2025-10-25T09:19:48Z,42.2,24.9,0.98,2.061,2.408
2025-10-25T14:20:48Z,2025-10-25T09:20:48Z,42.2,24.9,0.797,1.804,5.912
2025-10-25T14:21:48Z,2025-10-25T09:21:48Z,42.5,24.9,0.844,1.975,3.175
2025-10-25T14:22:48Z,2025-10-25T09:22:48Z,44.8,24.8,0.777,1.762,2.169
2025-10-25T14:23:48Z,2025-10-25T09:23:48Z,43.2,24.8,0.894,2.08,3.407
2025-10-25T14:24:48Z,2025-10-25T09:24:48Z,42.7,24.8,0.89,1.954,2.523
2025-10-25T14:25:48Z,2025-10-25T09:25:48Z,42.6,24.8,0.851,1.852,20.153
2025-10-25T14:26:49Z,2025-10-25T09:26:49Z,42.8,24.8,0.923,2.126,3.912
2025-10-25T14:27:49Z,2025-10-25T09:27:49Z,43.0,24.8,0.913,2.228,5.768
2025-10-25T14:28:49Z,2025-10-25T09:28:49Z,43.2,24.9,0.993,2.314,7.821
2025-10-25T14:29:44Z,2025-10-25T09:29:44Z,43.4,24.9,0.784,1.881,10.515
2025-10-25T14:30:44Z,2025-10-25T09:30:44Z,43.7,24.9,0.924,1.784,3.654
2025-10-25T14:31:44Z,2025-10-25T09:31:44Z,43.8,24.9,0.926,1.846,22.846
2025-10-25T14:32:44Z,2025-10-25T09:32:44Z,44.2,24.9,0.802,1.812,5.543
2025-10-25T14:33:44Z,2025-10-25T09:33:44Z,44.3,24.9,0.863,1.898,36.318
2025-10-25T14:34:44Z,2025-10-25T09:34:44Z,44.3,24.9,0.777,1.833,4.553
2025-10-25T14:35:44Z,2025-10-25T09:35:44Z,44.4,24.9,0.813,1.709,23.792
2025-10-25T14:36:44Z,2025-10-25T09:36:44Z,44.5,24.9,0.848,1.907,15.445
2025-10-25T14:37:44Z,2025-10-25T09:37:44Z,44.6,24.9,1.112,2.256,4.027
2025-10-25T14:38:44Z,2025-10-25T09:38:44Z,44.7,24.9,0.987,1.857,18.432
2025-10-25T14:39:44Z,2025-10-25T09:39:44Z,44.7,25.0,0.906,2.172,13.605
2025-10-25T14:40:44Z,2025-10-25T09:40:44Z,44.7,25.0,0.881,1.959,10.496
2025-10-25T14:41:44Z,2025-10-25T09:41:44Z,44.7,25.0,0.852,2.141,5.152
2025-10-25T14:42:44Z,2025-10-25T09:42:44Z,44.8,25.0,0.917,2.031,20.654
2025-10-25T14:43:44Z,2025-10-25T09:43:44Z,44.9,25.0,0.83,2.282,14.589
2025-10-25T14:44:44Z,2025-10-25T09:44:44Z,44.8,25.0,0.898,1.829,12.758
2025-10-25T14:45:44Z,2025-10-25T09:45:44Z,44.9,25.0,1.119,2.421,8.661
2025-10-25T14:46:44Z,2025-10-25T09:46:44Z,44.9,25.0,0.802,1.713,2.366
2025-10-25T14:47:45Z,2025-10-25T09:47:45Z,44.9,25.1,0.831,2.022,9.013
2025-10-25T14:48:45Z,2025-10-25T09:48:45Z,45.0,25.1,0.992,2.222,6.242
2025-10-25T14:49:45Z,2025-10-25T09:49:45Z,45.0,25.1,0.768,2.034,7.256
2025-10-25T14:50:45Z,2025-10-25T09:50:45Z,45.1,25.1,1.053,2.252,3.709
2025-10-25T14:51:45Z,2025-10-25T09:51:45Z,45.1,25.1,0.935,1.979,6.531
2025-10-25T14:52:45Z,2025-10-25T09:52:45Z,45.1,25.1,1.014,2.233,5.765
2025-10-25T14:53:45Z,2025-10-25T09:53:45Z,45.2,25.1,0.995,1.998,4.334
2025-10-25T14:54:45Z,2025-10-25T09:54:45Z,45.2,25.1,0.983,2.177,4.107
2025-10-25T14:55:45Z,2025-10-25T09:55:45Z,45.3,25.2,0.853,1.908,14.667
2025-10-25T14:56:45Z,2025-10-25T09:56:45Z,45.4,25.2,1.017,2.221,5.573
2025-10-25T14:57:45Z,2025-10-25T09:57:45Z,45.4,25.2,0.969,2.31,4.343
2025-10-25T14:58:45Z,2025-10-25T09:58:45Z,45.3,25.2,1.11,2.05,9.62
2025-10-25T14:59:45Z,2025-10-25T09:59:45Z,45.4,25.2,0.964,2.136,13.997
2025-10-25T15:00:45Z,2025-10-25T10:00:45Z,45.4,25.2,0.919,2.077,12.474
2025-10-25T15:01:45Z,2025-10-25T10:01:45Z,45.4,25.2,0.865,1.944,14.811
2025-10-25T15:02:45Z,2025-10-25T10:02:45Z,45.4,25.2,0.975,2.322,6.165
2025-10-25T15:03:45Z,2025-10-25T10:03:45Z,45.5,25.2,0.876,2.212,5.966
2025-10-25T15:04:45Z,2025-10-25T10:04:45Z,45.6,25.3,1.151,2.417,3.899
2025-10-25T15:05:45Z,2025-10-25T10:05:45Z,45.6,25.3,0.91,2.067,6.83
2025-10-25T15:06:45Z,2025-10-25T10:06:45Z,45.6,25.3,1.084,2.237,4.034
2025-10-25T15:07:45Z,2025-10-25T10:07:45Z,45.7,25.3,1.188,2.353,8.602
2025-10-25T15:08:45Z,2025-10-25T10:08:45Z,45.7,25.3,1.015,2.152,9.009
2025-10-25T15:09:45Z,2025-10-25T10:09:45Z,45.8,25.3,1.103,2.351,5.162
2025-10-25T15:10:45Z,2025-10-25T10:10:45Z,45.8,25.3,1.109,2.361,5.658
2025-10-25T15:11:46Z,2025-10-25T10:11:46Z,45.8,25.3,0.889,1.964,13.574
2025-10-25T15:12:46Z,2025-10-25T10:12:46Z,45.8,25.3,1.091,2.116,13.824
2025-10-25T15:13:46Z,2025-10-25T10:13:46Z,45.9,25.3,0.976,2.451,12.614
2025-10-25T15:14:46Z,2025-10-25T10:14:46Z,45.9,25.3,0.981,2.019,4.208
2025-10-25T15:15:46Z,2025-10-25T10:15:46Z,46.0,25.3,1.153,2.386,2.98
2025-10-25T15:16:46Z,2025-10-25T10:16:46Z,46.0,25.4,1.155,2.113,2.937
2025-10-25T15:17:46Z,2025-10-25T10:17:46Z,46.0,25.4,1.288,2.365,3.444
2025-10-25T15:18:46Z,2025-10-25T10:18:46Z,46.1,25.4,1.026,1.953,3.354
2025-10-25T15:19:46Z,2025-10-25T10:19:46Z,46.1,25.4,1.102,2.044,3.457
2025-10-25T15:20:46Z,2025-10-25T10:20:46Z,46.1,25.4,0.928,1.954,5.706
2025-10-25T15:21:46Z,2025-10-25T10:21:46Z,46.1,25.4,0.915,2.049,3.809
2025-10-25T15:22:46Z,2025-10-25T10:22:46Z,46.2,25.4,1.019,2.056,8.467
2025-10-25T15:23:46Z,2025-10-25T10:23:46Z,46.2,25.4,0.905,2.136,3.302
2025-10-25T15:24:46Z,2025-10-25T10:24:46Z,46.3,25.4,0.939,2.049,6.275
2025-10-25T15:25:46Z,2025-10-25T10:25:46Z,46.3,25.4,1.029,2.472,3.206
2025-10-25T15:26:46Z,2025-10-25T10:26:46Z,46.3,25.4,0.956,2.099,7.98
2025-10-25T15:27:46Z,2025-10-25T10:27:46Z,46.4,25.4,0.984,2.116,3.356
2025-10-25T15:28:46Z,2025-10-25T10:28:46Z,46.3,25.4,0.982,2.185,9.126
2025-10-25T15:29:46Z,2025-10-25T10:29:46Z,46.3,25.4,0.913,1.997,4.601
2025-10-25T15:30:46Z,2025-10-25T10:30:46Z,46.5,25.5,1.03,2.413,6.228
2025-10-25T15:31:46Z,2025-10-25T10:31:46Z,46.7,25.5,0.82,2.224,6.051
2025-10-25T15:32:46Z,2025-10-25T10:32:46Z,46.8,25.5,1.002,2.079,3.112
2025-10-25T15:33:47Z,2025-10-25T10:33:47Z,46.8,25.5,0.969,2.014,7.512
2025-10-25T15:34:47Z,2025-10-25T10:34:47Z,47.6,25.5,0.911,2.01,15.619
2025-10-25T15:35:47Z,2025-10-25T10:35:47Z,48.4,25.5,1.104,2.294,27.27
2025-10-25T15:36:47Z,2025-10-25T10:36:47Z,49.1,25.5,0.951,2.065,22.315
2025-10-25T15:37:47Z,2025-10-25T10:37:47Z,49.9,25.5,0.861,1.951,33.321
2025-10-25T15:38:47Z,2025-10-25T10:38:47Z,48.7,25.5,1.094,2.274,11.667
2025-10-25T15:39:47Z,2025-10-25T10:39:47Z,49.6,25.5,0.923,2.436,7.712
2025-10-25T15:40:47Z,2025-10-25T10:40:47Z,49.5,25.6,0.926,2.112,15.619
2025-10-25T15:41:47Z,2025-10-25T10:41:47Z,49.4,25.6,0.822,2.127,7.065
2025-10-25T15:42:47Z,2025-10-25T10:42:47Z,49.7,25.6,1.13,2.054,17.696
2025-10-25T15:43:47Z,2025-10-25T10:43:47Z,49.2,25.6,0.895,2.171,7.348
2025-10-25T15:44:47Z,2025-10-25T10:44:47Z,49.7,25.7,1.319,2.563,22.557
2025-10-25T15:45:47Z,2025-10-25T10:45:47Z,49.0,25.7,1.347,2.642,23.444
2025-10-25T15:46:47Z,2025-10-25T10:46:47Z,48.9,25.7,1.286,2.596,18.948
2025-10-25T15:47:47Z,2025-10-25T10:47:47Z,49.5,25.8,1.26,2.977,15.106
2025-10-25T15:48:47Z,2025-10-25T10:48:47Z,49.6,25.8,1.644,3.128,6.307
2025-10-25T15:49:47Z,2025-10-25T10:49:47Z,49.6,25.9,2.419,3.499,6.891
2025-10-25T15:50:48Z,2025-10-25T10:50:48Z,49.5,25.9,7.545,8.916,25.58
2025-10-25T15:51:48Z,2025-10-25T10:51:48Z,49.5,25.9,4.305,5.697,19.869
2025-10-25T15:52:48Z,2025-10-25T10:52:48Z,49.4,26.0,7.175,8.484,13.707
2025-10-25T15:53:48Z,2025-10-25T10:53:48Z,48.0,26.0,4.765,6.233,9.222
2025-10-25T15:54:48Z,2025-10-25T10:54:48Z,47.4,26.0,2.731,4.186,14.659
2025-10-25T15:55:48Z,2025-10-25T10:55:48Z,47.4,26.0,3.287,4.577,24.099
2025-10-25T15:56:48Z,2025-10-25T10:56:48Z,47.7,26.0,4.325,5.609,38.111
2025-10-25T15:57:48Z,2025-10-25T10:57:48Z,47.5,26.0,5.44,6.756,15.425
2025-10-25T15:58:48Z,2025-10-25T10:58:48Z,47.4,26.0,5.136,6.676,14.799
2025-10-25T15:59:48Z,2025-10-25T10:59:48Z,47.2,26.0,6.066,7.578,29.548
2025-10-25T16:00:48Z,2025-10-25T11:00:48Z,47.3,26.0,6.929,8.295,49.975
2025-10-25T16:01:48Z,2025-10-25T11:01:48Z,47.4,26.0,8.072,9.806,16.505
2025-10-25T16:02:48Z,2025-10-25T11:02:48Z,47.3,26.0,8.361,9.6,32.436
2025-10-25T16:03:48Z,2025-10-25T11:03:48Z,47.3,26.0,7.953,9.518,19.01
2025-10-25T16:04:48Z,2025-10-25T11:04:48Z,47.3,26.0,9.14,10.963,37.742
2025-10-25T16:05:48Z,2025-10-25T11:05:48Z,47.3,26.0,9.189,10.35,16.896
2025-10-25T16:06:48Z,2025-10-25T11:06:48Z,47.2,26.0,10.082,11.643,17.294
2025-10-25T16:07:48Z,2025-10-25T11:07:48Z,47.2,26.0,10.68,12.32,33.161
2025-10-25T16:08:48Z,2025-10-25T11:08:48Z,47.2,26.0,11.234,12.918,68.063
2025-10-25T16:09:48Z,2025-10-25T11:09:48Z,47.2,26.0,12.034,13.671,16.125
2025-10-25T16:10:48Z,2025-10-25T11:10:48Z,47.2,26.0,11.565,12.972,40.173
2025-10-25T16:11:48Z,2025-10-25T11:11:48Z,47.2,26.0,11.936,13.254,36.059
2025-10-25T16:12:49Z,2025-10-25T11:12:49Z,47.2,26.0,12.181,13.804,23.555
2025-10-25T16:13:49Z,2025-10-25T11:13:49Z,47.2,26.0,11.905,13.982,22.95
2025-10-25T16:14:49Z,2025-10-25T11:14:49Z,47.3,26.0,11.755,13.319,29.079
2025-10-25T16:15:49Z,2025-10-25T11:15:49Z,46.9,26.0,10.662,12.127,16.416
2025-10-25T16:16:49Z,2025-10-25T11:16:49Z,46.3,26.0,10.134,11.41,14.065
2025-10-25T16:17:49Z,2025-10-25T11:17:49Z,45.9,26.0,9.98,11.259,22.822
2025-10-25T16:18:49Z,2025-10-25T11:18:49Z,45.6,26.0,9.034,10.321,16.053
2025-10-25T16:19:49Z,2025-10-25T11:19:49Z,45.2,26.0,9.294,10.61,23.76
2025-10-25T16:20:49Z,2025-10-25T11:20:49Z,45.0,26.0,8.884,10.008,11.333
2025-10-25T16:21:49Z,2025-10-25T11:21:49Z,44.6,26.0,8.51,9.76,13.191
2025-10-25T16:22:49Z,2025-10-25T11:22:49Z,44.4,26.0,8.717,9.665,12.567
2025-10-25T16:23:49Z,2025-10-25T11:23:49Z,44.2,26.0,8.357,9.341,22.896
2025-10-25T16:24:49Z,2025-10-25T11:24:49Z,43.9,26.0,7.874,8.978,13.027
2025-10-25T16:25:49Z,2025-10-25T11:25:49Z,43.6,26.0,7.719,8.659,10.359
2025-10-25T16:26:49Z,2025-10-25T11:26:49Z,43.4,26.0,7.349,8.123,10.061
2025-10-25T16:27:49Z,2025-10-25T11:27:49Z,43.2,26.0,7.343,8.216,8.928
2025-10-25T16:28:49Z,2025-10-25T11:28:49Z,43.0,26.0,7.319,8.203,11.628
2025-10-25T16:29:44Z,2025-10-25T11:29:44Z,42.8,25.9,6.988,7.613,10.47
2025-10-25T16:30:44Z,2025-10-25T11:30:44Z,42.6,25.9,7.104,7.994,9.999
2025-10-25T16:31:44Z,2025-10-25T11:31:44Z,42.4,25.9,6.891,7.817,9.194
2025-10-25T16:32:44Z,2025-10-25T11:32:44Z,42.3,25.9,6.974,8.031,8.942
2025-10-25T16:33:45Z,2025-10-25T11:33:45Z,42.1,25.9,6.34,7.213,9.246
2025-10-25T16:34:45Z,2025-10-25T11:34:45Z,41.9,25.9,6.588,7.739,8.645
2025-10-25T16:35:45Z,2025-10-25T11:35:45Z,41.7,25.9,5.979,6.814,7.125
2025-10-25T16:36:45Z,2025-10-25T11:36:45Z,41.6,25.8,5.817,6.572,8.729
2025-10-25T16:37:45Z,2025-10-25T11:37:45Z,41.5,25.8,6.176,6.937,7.974
2025-10-25T16:38:45Z,2025-10-25T11:38:45Z,41.4,25.8,5.701,6.341,7.757
2025-10-25T16:39:45Z,2025-10-25T11:39:45Z,41.3,25.8,5.85,6.748,9.082
2025-10-25T16:40:45Z,2025-10-25T11:40:45Z,41.2,25.8,5.642,6.305,8.539
2025-10-25T16:41:45Z,2025-10-25T11:41:45Z,41.1,25.7,5.338,5.964,8.012
2025-10-25T20:12:25Z,2025-10-25T15:12:25Z,58.4,29.0,1.837,2.53,5.792
2025-10-25T20:13:10Z,2025-10-25T15:13:10Z,58.0,29.0,1.506,2.048,8.808
2025-10-25T20:14:10Z,2025-10-25T15:14:10Z,58.2,29.0,1.797,2.474,9.015
2025-10-25T20:15:10Z,2025-10-25T15:15:10Z,57.7,29.1,1.897,2.462,19.633
2025-10-25T20:16:10Z,2025-10-25T15:16:10Z,56.8,29.2,1.778,2.302,5.574
2025-10-25T20:17:10Z,2025-10-25T15:17:10Z,57.4,29.2,2.096,2.561,18.027
2025-10-25T20:18:10Z,2025-10-25T15:18:10Z,56.5,29.3,2.205,2.538,8.134
2025-10-25T20:19:10Z,2025-10-25T15:19:10Z,56.0,29.5,1.892,2.321,7.231
2025-10-25T20:20:10Z,2025-10-25T15:20:10Z,56.3,29.6,1.746,2.279,7.07
2025-10-25T20:21:10Z,2025-10-25T15:21:10Z,56.7,29.8,1.805,2.261,5.59
2025-10-26T13:03:25Z,2025-10-26T08:03:25Z,97.6,18.0,4.863,27.92,120.596
2025-10-26T13:04:10Z,2025-10-26T08:04:10Z,97.6,18.1,5.073,16.429,46.419
2025-10-26T13:05:10Z,2025-10-26T08:05:10Z,97.6,18.2,5.134,17.134,63.632
2025-10-26T13:06:10Z,2025-10-26T08:06:10Z,97.5,18.3,4.945,15.165,32.627
2025-10-26T13:07:10Z,2025-10-26T08:07:10Z,96.7,18.5,4.388,9.163,28.744
2025-10-26T13:08:10Z,2025-10-26T08:08:10Z,95.9,18.6,4.134,7.473,16.459
2025-10-26T13:09:10Z,2025-10-26T08:09:10Z,95.3,18.8,3.807,6.371,29.102
2025-10-26T13:10:10Z,2025-10-26T08:10:10Z,94.3,18.9,4.402,6.607,16.022
2025-10-26T13:11:10Z,2025-10-26T08:11:10Z,93.7,19.0,4.871,6.844,13.183
2025-10-26T13:12:10Z,2025-10-26T08:12:10Z,93.6,19.2,4.852,6.801,12.853
2025-10-26T14:21:37Z,2025-10-26T09:21:37Z,89.7,20.4,7.338,8.985,17.791
2025-10-26T14:22:22Z,2025-10-26T09:22:22Z,89.3,20.4,8.099,10.003,20.176
2025-10-26T14:23:22Z,2025-10-26T09:23:22Z,89.2,20.5,7.827,9.594,25.349
2025-10-26T14:24:22Z,2025-10-26T09:24:22Z,89.1,20.6,7.853,9.722,25.095
2025-10-26T14:25:22Z,2025-10-26T09:25:22Z,88.9,20.7,8.492,10.275,21.565
2025-10-26T14:26:22Z,2025-10-26T09:26:22Z,88.7,20.8,7.958,9.809,18.304
2025-10-26T14:27:22Z,2025-10-26T09:27:22Z,88.7,20.8,8.198,10.174,23.824
2025-10-26T14:28:22Z,2025-10-26T09:28:22Z,88.0,20.9,8.532,10.14,16.174
2025-10-26T14:29:22Z,2025-10-26T09:29:22Z,87.6,21.0,7.804,9.889,41.846
2025-10-26T14:30:22Z,2025-10-26T09:30:22Z,87.0,21.1,7.953,10.048,34.212
2025-10-26T14:31:22Z,2025-10-26T09:31:22Z,86.2,21.2,8.513,10.338,15.559
2025-10-26T14:32:22Z,2025-10-26T09:32:22Z,86.0,21.2,8.511,10.718,25.873
2025-10-26T14:33:22Z,2025-10-26T09:33:22Z,86.3,21.3,8.323,10.394,17.5
2025-10-26T14:34:22Z,2025-10-26T09:34:22Z,86.1,21.4,8.33,10.469,21.863
2025-10-26T14:35:22Z,2025-10-26T09:35:22Z,85.5,21.5,8.307,10.459,33.036
2025-10-26T14:36:22Z,2025-10-26T09:36:22Z,85.0,21.5,8.242,10.384,13.68
2025-10-26T14:37:22Z,2025-10-26T09:37:22Z,84.9,21.6,8.133,10.042,21.515
2025-10-26T14:38:22Z,2025-10-26T09:38:22Z,84.9,21.7,8.407,10.774,24.907
2025-10-26T14:39:22Z,2025-10-26T09:39:22Z,84.5,21.7,8.465,10.39,31.002
2025-10-26T14:40:22Z,2025-10-26T09:40:22Z,84.2,21.8,8.368,10.686,26.732
2025-10-26T14:41:23Z,2025-10-26T09:41:23Z,83.9,21.8,8.459,10.749,24.134
2025-10-26T14:42:23Z,2025-10-26T09:42:23Z,84.0,21.9,8.215,10.159,24.623
2025-10-26T14:43:23Z,2025-10-26T09:43:23Z,84.2,21.9,8.528,10.975,18.156
2025-10-26T14:44:23Z,2025-10-26T09:44:23Z,84.0,22.0,8.643,11.002,26.893
2025-10-26T14:45:23Z,2025-10-26T09:45:23Z,83.4,22.0,8.245,10.534,26.031
2025-10-26T14:52:47Z,2025-10-26T09:52:47Z,83.9,22.4,7.598,9.467,13.277
2025-10-26T14:53:32Z,2025-10-26T09:53:32Z,84.2,22.5,8.867,10.656,38.355
2025-10-26T14:54:32Z,2025-10-26T09:54:32Z,83.6,22.5,8.445,10.667,25.604
2025-10-26T14:55:32Z,2025-10-26T09:55:32Z,82.0,22.6,8.875,11.125,17.959
2025-10-26T14:56:32Z,2025-10-26T09:56:32Z,82.0,22.6,8.718,11.078,22.993
2025-10-26T14:57:32Z,2025-10-26T09:57:32Z,81.4,22.7,8.565,10.673,15.652
2025-10-26T14:58:32Z,2025-10-26T09:58:32Z,80.5,22.8,9.089,11.34,22.048
2025-10-26T14:59:32Z,2025-10-26T09:59:32Z,80.2,22.8,8.879,11.508,38.987
2025-10-26T15:00:32Z,2025-10-26T10:00:32Z,80.2,22.9,8.788,11.049,12.908
2025-10-26T15:01:32Z,2025-10-26T10:01:32Z,80.4,23.0,8.766,10.892,24.043
2025-10-26T15:02:32Z,2025-10-26T10:02:32Z,80.2,23.0,8.878,10.948,33.83
2025-10-26T15:03:32Z,2025-10-26T10:03:32Z,79.1,23.1,9.53,11.197,15.07
2025-10-26T15:04:32Z,2025-10-26T10:04:32Z,79.0,23.2,9.544,11.348,14.413
2025-10-26T15:05:32Z,2025-10-26T10:05:32Z,78.3,23.2,9.94,11.718,26.131
2025-10-26T15:06:32Z,2025-10-26T10:06:32Z,79.0,23.3,9.31,10.612,19.967
2025-10-26T15:07:32Z,2025-10-26T10:07:32Z,78.8,23.3,9.397,10.994,19.938
2025-10-26T15:08:32Z,2025-10-26T10:08:32Z,79.0,23.4,8.913,10.558,14.791
2025-10-26T15:09:32Z,2025-10-26T10:09:32Z,78.1,23.4,9.509,11.055,26.606
2025-10-26T15:10:32Z,2025-10-26T10:10:32Z,77.6,23.5,9.532,10.88,28.355
2025-10-26T15:11:32Z,2025-10-26T10:11:32Z,78.5,23.5,9.272,10.83,18.891
2025-10-26T15:12:32Z,2025-10-26T10:12:32Z,79.7,23.6,9.094,10.759,14.684
2025-10-26T15:13:32Z,2025-10-26T10:13:32Z,78.7,23.7,9.049,10.689,13.646
2025-10-26T15:14:32Z,2025-10-26T10:14:32Z,77.8,23.7,8.926,10.488,20.847
2025-10-26T15:15:33Z,2025-10-26T10:15:33Z,76.9,23.8,9.393,11.112,19.894
2025-10-26T15:16:33Z,2025-10-26T10:16:33Z,76.5,23.8,9.241,10.649,20.149
2025-10-26T15:17:33Z,2025-10-26T10:17:33Z,76.1,23.9,9.686,11.432,28.511
2025-10-26T15:18:33Z,2025-10-26T10:18:33Z,75.6,24.0,9.324,10.665,26.252
2025-10-26T15:19:33Z,2025-10-26T10:19:33Z,76.0,24.0,8.977,10.585,28.818
2025-10-26T15:20:33Z,2025-10-26T10:20:33Z,75.8,24.1,9.625,11.039,27.804
2025-10-26T15:21:33Z,2025-10-26T10:21:33Z,76.0,24.1,9.308,10.833,22.695
2025-10-26T15:22:33Z,2025-10-26T10:22:33Z,75.9,24.1,9.354,11.163,35.778
2025-10-26T15:23:33Z,2025-10-26T10:23:33Z,75.4,24.2,9.248,10.898,26.455
2025-10-26T15:24:33Z,2025-10-26T10:24:33Z,74.7,24.2,9.502,11.286,19.62
2025-10-26T15:25:33Z,2025-10-26T10:25:33Z,74.9,24.3,8.777,10.406,18.022
2025-10-26T15:26:33Z,2025-10-26T10:26:33Z,74.8,24.3,8.895,10.17,20.159
2025-10-26T15:27:33Z,2025-10-26T10:27:33Z,75.2,24.4,8.774,10.46,56.391
2025-10-26T15:28:33Z,2025-10-26T10:28:33Z,75.3,24.4,8.413,9.582,19.621
2025-10-26T15:29:33Z,2025-10-26T10:29:33Z,76.6,24.5,8.943,10.18,14.23
2025-10-26T15:30:33Z,2025-10-26T10:30:33Z,74.1,24.6,9.235,10.777,16.223
2025-10-26T15:31:33Z,2025-10-26T10:31:33Z,73.5,24.7,9.742,11.075,30.029
2025-10-26T15:32:33Z,2025-10-26T10:32:33Z,72.7,24.8,9.553,10.763,19.903
2025-10-26T15:33:33Z,2025-10-26T10:33:33Z,72.7,24.9,9.823,11.045,28.344
2025-10-26T15:34:33Z,2025-10-26T10:34:33Z,72.8,25.1,9.343,10.741,38.478
2025-10-26T15:35:33Z,2025-10-26T10:35:33Z,72.2,25.2,9.311,10.662,23.535
2025-10-26T15:36:34Z,2025-10-26T10:36:34Z,72.3,25.4,8.891,10.239,19.299
2025-10-26T15:37:34Z,2025-10-26T10:37:34Z,70.7,25.6,9.303,10.652,21.089
2025-10-26T15:38:34Z,2025-10-26T10:38:34Z,71.2,25.7,9.029,10.362,20.849
2025-10-26T15:39:34Z,2025-10-26T10:39:34Z,69.2,25.8,9.43,10.727,26.045
2025-10-26T15:40:34Z,2025-10-26T10:40:34Z,69.8,25.9,8.519,9.695,22.547
2025-10-26T15:41:34Z,2025-10-26T10:41:34Z,70.5,26.1,9.435,10.671,20.125
2025-10-26T15:42:34Z,2025-10-26T10:42:34Z,70.4,26.2,9.025,10.461,25.391
2025-10-26T15:43:34Z,2025-10-26T10:43:34Z,68.3,26.4,9.189,10.48,23.63
2025-10-26T15:44:34Z,2025-10-26T10:44:34Z,68.2,26.5,9.216,10.635,37.618
2025-10-26T15:45:34Z,2025-10-26T10:45:34Z,67.1,26.7,9.237,10.771,34.536
2025-10-26T15:46:34Z,2025-10-26T10:46:34Z,67.0,26.9,8.29,9.399,14.835
2025-10-26T15:47:34Z,2025-10-26T10:47:34Z,65.8,27.0,8.257,9.7,20.888
2025-10-26T15:48:34Z,2025-10-26T10:48:34Z,65.0,27.2,8.574,9.971,14.032
2025-10-26T15:49:34Z,2025-10-26T10:49:34Z,63.4,27.4,8.801,10.384,31.795
2025-10-26T15:50:34Z,2025-10-26T10:50:34Z,63.4,27.6,8.904,10.342,38.979
2025-10-26T15:51:34Z,2025-10-26T10:51:34Z,63.4,27.7,8.68,9.978,30.01
2025-10-26T15:52:34Z,2025-10-26T10:52:34Z,62.3,27.8,8.278,9.602,25.044
2025-10-26T15:53:34Z,2025-10-26T10:53:34Z,62.8,27.9,8.42,9.649,30.675
2025-10-26T15:54:34Z,2025-10-26T10:54:34Z,62.6,28.0,8.36,9.74,21.13
2025-10-26T15:55:34Z,2025-10-26T10:55:34Z,62.2,28.0,8.233,9.465,57.445
2025-10-26T15:56:34Z,2025-10-26T10:56:34Z,62.3,28.0,8.153,9.465,21.442
2025-10-26T15:57:34Z,2025-10-26T10:57:34Z,62.3,28.1,8.389,9.96,31.491
2025-10-26T15:58:35Z,2025-10-26T10:58:35Z,62.1,28.1,8.237,9.467,19.325
2025-10-26T15:59:35Z,2025-10-26T10:59:35Z,62.0,28.2,8.325,9.639,17.809
2025-10-26T16:00:35Z,2025-10-26T11:00:35Z,61.5,28.2,8.535,10.026,24.321
2025-10-26T16:01:35Z,2025-10-26T11:01:35Z,61.2,28.3,8.268,9.273,30.185
2025-10-26T16:08:29Z,2025-10-26T11:08:29Z,60.4,28.9,8.105,9.545,30.119
2025-10-26T16:09:14Z,2025-10-26T11:09:14Z,61.0,29.0,7.986,9.486,32.36
2025-10-26T16:10:15Z,2025-10-26T11:10:15Z,61.2,29.0,8.058,9.247,28.132
2025-10-26T16:11:15Z,2025-10-26T11:11:15Z,60.3,29.1,8.627,9.947,22.587
2025-10-26T16:12:15Z,2025-10-26T11:12:15Z,59.3,29.2,8.064,9.547,25.259
2025-10-26T16:13:15Z,2025-10-26T11:13:15Z,58.8,29.3,7.896,9.034,35.708
2025-10-26T16:14:15Z,2025-10-26T11:14:15Z,58.6,29.4,8.606,9.806,26.818
2025-10-26T16:15:15Z,2025-10-26T11:15:15Z,57.5,29.5,8.494,9.743,23.392
2025-10-26T16:16:15Z,2025-10-26T11:16:15Z,58.0,29.6,8.014,9.262,27.182
2025-10-26T16:17:15Z,2025-10-26T11:17:15Z,56.8,29.7,8.387,10.016,19.28
2025-10-26T16:18:15Z,2025-10-26T11:18:15Z,57.1,29.9,7.983,9.182,14.466
2025-10-26T16:19:15Z,2025-10-26T11:19:15Z,57.4,30.0,8.156,9.574,15.426
2025-10-26T16:20:15Z,2025-10-26T11:20:15Z,58.4,30.1,8.298,9.515,15.024
2025-10-26T16:21:15Z,2025-10-26T11:21:15Z,58.3,30.2,8.153,9.376,21.232
2025-10-26T16:22:15Z,2025-10-26T11:22:15Z,55.5,30.3,8.473,9.636,28.266
2025-10-26T16:23:15Z,2025-10-26T11:23:15Z,55.0,30.4,8.831,10.202,21.154
2025-10-26T16:24:15Z,2025-10-26T11:24:15Z,55.5,30.6,9.119,10.377,44.149
2025-10-26T16:25:15Z,2025-10-26T11:25:15Z,54.9,30.7,9.206,10.313,24.13
2025-10-26T16:26:15Z,2025-10-26T11:26:15Z,53.2,30.8,8.493,9.877,33.617
2025-10-26T16:27:15Z,2025-10-26T11:27:15Z,53.4,30.9,8.534,9.634,17.67
2025-10-26T16:28:15Z,2025-10-26T11:28:15Z,55.4,31.0,7.947,9.171,19.733
2025-10-26T16:29:15Z,2025-10-26T11:29:15Z,55.2,31.1,7.59,8.782,13.788
2025-10-26T16:30:16Z,2025-10-26T11:30:16Z,53.0,31.2,8.301,9.454,18.54
2025-10-26T16:31:16Z,2025-10-26T11:31:16Z,53.5,31.3,8.293,9.554,21.081
2025-10-26T16:32:16Z,2025-10-26T11:32:16Z,52.5,31.4,8.683,10.064,21.52
2025-10-26T16:33:16Z,2025-10-26T11:33:16Z,52.5,31.4,8.727,9.946,27.22
2025-10-26T16:34:16Z,2025-10-26T11:34:16Z,53.4,31.5,8.119,9.307,19.33
2025-10-26T16:35:16Z,2025-10-26T11:35:16Z,52.3,31.6,8.282,9.59,14.038
2025-10-26T16:36:16Z,2025-10-26T11:36:16Z,51.1,31.7,9.028,10.222,25.735
2025-10-26T16:37:16Z,2025-10-26T11:37:16Z,51.5,31.7,8.58,9.844,15.943
2025-10-26T16:38:16Z,2025-10-26T11:38:16Z,51.8,31.8,8.189,9.579,31.395
2025-10-26T16:39:16Z,2025-10-26T11:39:16Z,51.7,31.9,7.888,8.978,12.319
2025-10-26T16:40:16Z,2025-10-26T11:40:16Z,50.5,31.9,8.29,9.251,21.788
2025-10-26T16:41:16Z,2025-10-26T11:41:16Z,51.2,31.9,7.624,8.841,30.05
2025-10-26T16:42:16Z,2025-10-26T11:42:16Z,51.4,31.9,7.33,8.518,11.561
2025-10-26T16:43:16Z,2025-10-26T11:43:16Z,51.0,31.8,7.304,8.399,11.583
2025-10-26T16:44:16Z,2025-10-26T11:44:16Z,52.2,31.8,7.508,8.65,17.796
2025-10-26T16:45:16Z,2025-10-26T11:45:16Z,51.6,31.7,7.173,8.321,10.731
2025-10-26T16:46:16Z,2025-10-26T11:46:16Z,51.2,31.6,8.23,9.631,17.328
2025-10-26T16:47:16Z,2025-10-26T11:47:16Z,52.1,31.5,7.475,8.71,23.747
2025-10-26T16:48:16Z,2025-10-26T11:48:16Z,52.6,31.5,7.717,8.883,16.535
2025-10-26T16:49:16Z,2025-10-26T11:49:16Z,52.2,31.4,7.788,9.006,11.775
2025-10-26T16:50:16Z,2025-10-26T11:50:16Z,54.2,31.3,7.295,8.231,14.021
2025-10-26T16:51:16Z,2025-10-26T11:51:16Z,54.0,31.3,5.631,6.679,16.502
2025-10-26T16:52:16Z,2025-10-26T11:52:16Z,53.2,31.3,5.264,6.176,30.097
2025-10-26T16:53:16Z,2025-10-26T11:53:16Z,52.3,31.3,5.291,6.406,28.308
2025-10-26T16:54:16Z,2025-10-26T11:54:16Z,52.4,31.4,5.095,6.094,20.697
2025-10-26T16:55:17Z,2025-10-26T11:55:17Z,53.7,31.4,5.575,6.568,19.5
2025-10-26T16:56:17Z,2025-10-26T11:56:17Z,52.5,31.4,5.139,5.985,20.246
2025-10-26T16:57:17Z,2025-10-26T11:57:17Z,52.2,31.5,5.154,6.194,31.001
2025-10-26T16:58:17Z,2025-10-26T11:58:17Z,51.1,31.6,4.736,5.482,13.781
2025-10-26T16:59:17Z,2025-10-26T11:59:17Z,51.4,31.6,4.988,5.887,11.351
2025-10-26T17:00:17Z,2025-10-26T12:00:17Z,50.6,31.7,5.142,5.893,14.471
2025-10-26T17:01:17Z,2025-10-26T12:01:17Z,51.0,31.7,5.157,6.003,15.431
2025-10-26T17:02:17Z,2025-10-26T12:02:17Z,51.3,31.6,4.751,5.478,10.02
2025-10-26T17:03:17Z,2025-10-26T12:03:17Z,50.9,31.6,5.511,6.385,27.448
2025-10-26T17:04:17Z,2025-10-26T12:04:17Z,51.0,31.6,6.729,7.64,21.342
2025-10-26T17:05:17Z,2025-10-26T12:05:17Z,51.3,31.5,6.567,7.765,22.998
2025-10-26T17:06:17Z,2025-10-26T12:06:17Z,51.1,31.4,6.378,7.4,26.831
2025-10-26T17:07:17Z,2025-10-26T12:07:17Z,51.3,31.3,6.684,7.847,13.055
2025-10-26T17:08:17Z,2025-10-26T12:08:17Z,51.5,31.2,6.725,7.55,23.668
2025-10-26T17:09:17Z,2025-10-26T12:09:17Z,52.9,31.1,6.811,7.772,13.768
2025-10-26T17:10:17Z,2025-10-26T12:10:17Z,54.0,31.0,5.969,7.003,27.973
2025-10-26T17:11:17Z,2025-10-26T12:11:17Z,53.3,31.0,6.086,7.296,14.063
2025-10-26T17:12:17Z,2025-10-26T12:12:17Z,52.5,30.9,6.337,7.211,13.301
2025-10-26T17:19:55Z,2025-10-26T12:19:55Z,52.8,30.6,5.2,6.148,14.566
2025-10-26T17:20:40Z,2025-10-26T12:20:40Z,52.8,30.7,5.186,6.137,31.444
2025-10-26T17:21:40Z,2025-10-26T12:21:40Z,55.0,30.7,5.227,6.193,33.764
2025-10-26T17:22:40Z,2025-10-26T12:22:40Z,53.5,30.8,5.016,6.11,13.761
2025-10-26T17:23:40Z,2025-10-26T12:23:40Z,54.9,30.9,5.277,6.315,17.504
2025-10-26T17:24:40Z,2025-10-26T12:24:40Z,54.8,31.0,5.044,5.827,24.588
2025-10-26T17:25:40Z,2025-10-26T12:25:40Z,53.7,31.1,4.859,6.026,11.285
2025-10-26T17:26:40Z,2025-10-26T12:26:40Z,52.3,31.1,5.209,6.468,19.982
2025-10-26T17:27:40Z,2025-10-26T12:27:40Z,51.4,31.2,5.358,6.218,23.174
2025-10-26T17:28:40Z,2025-10-26T12:28:40Z,51.8,31.3,4.952,5.786,15.152
2025-10-26T17:29:40Z,2025-10-26T12:29:40Z,52.8,31.3,4.859,5.804,17.244
2025-10-26T17:30:40Z,2025-10-26T12:30:40Z,51.7,31.5,5.549,6.382,10.94
2025-10-26T17:31:40Z,2025-10-26T12:31:40Z,51.8,31.6,4.85,5.906,20.146
2025-10-26T17:32:40Z,2025-10-26T12:32:40Z,50.9,31.8,5.089,6.065,13.051
2025-10-26T17:33:40Z,2025-10-26T12:33:40Z,50.3,31.8,5.091,6.032,13.046
2025-10-26T17:34:40Z,2025-10-26T12:34:40Z,50.3,31.9,4.949,5.768,17.235
2025-10-26T17:35:40Z,2025-10-26T12:35:40Z,49.7,32.0,5.157,6.081,23.641
2025-10-26T17:36:40Z,2025-10-26T12:36:40Z,49.5,32.1,5.116,6.222,9.578
2025-10-26T17:37:40Z,2025-10-26T12:37:40Z,49.5,32.2,4.977,5.743,15.133
2025-10-26T17:38:40Z,2025-10-26T12:38:40Z,49.1,32.4,5.23,6.138,10.171
2025-10-26T17:39:40Z,2025-10-26T12:39:40Z,48.7,32.5,5.203,6.171,16.772
2025-10-26T17:40:41Z,2025-10-26T12:40:41Z,49.9,32.6,5.153,6.361,13.901
2025-10-26T17:41:41Z,2025-10-26T12:41:41Z,48.8,32.8,5.234,6.053,21.076
2025-10-26T17:42:41Z,2025-10-26T12:42:41Z,47.6,32.8,5.045,5.958,11.146
2025-10-26T17:43:41Z,2025-10-26T12:43:41Z,47.5,32.9,4.941,5.692,18.392
2025-10-26T17:44:41Z,2025-10-26T12:44:41Z,47.1,32.9,5.278,6.355,25.783
2025-10-26T17:45:41Z,2025-10-26T12:45:41Z,47.2,32.9,4.826,5.904,28.686
2025-10-26T17:46:41Z,2025-10-26T12:46:41Z,47.8,32.9,5.453,6.781,38.345
2025-10-26T17:47:41Z,2025-10-26T12:47:41Z,47.5,32.8,5.324,6.688,15.587
2025-10-26T17:48:41Z,2025-10-26T12:48:41Z,47.4,32.8,5.383,6.518,19.217
2025-10-26T17:49:41Z,2025-10-26T12:49:41Z,47.7,32.7,5.405,6.417,25.037
2025-10-26T17:50:41Z,2025-10-26T12:50:41Z,47.9,32.6,5.584,6.543,18.378
2025-10-26T17:51:41Z,2025-10-26T12:51:41Z,48.4,32.5,5.214,6.257,16.993
2025-10-26T17:52:41Z,2025-10-26T12:52:41Z,48.4,32.4,5.09,6.103,17.478
2025-10-26T17:53:41Z,2025-10-26T12:53:41Z,48.7,32.2,5.364,6.301,19.577
2025-10-26T17:54:41Z,2025-10-26T12:54:41Z,48.7,32.1,5.474,6.703,19.985
2025-10-26T17:55:41Z,2025-10-26T12:55:41Z,49.1,32.0,5.518,6.509,26.143
2025-10-26T17:56:41Z,2025-10-26T12:56:41Z,50.9,31.8,5.276,6.276,17.3
2025-10-26T17:57:41Z,2025-10-26T12:57:41Z,51.2,31.7,5.148,6.22,10.315
2025-10-26T17:58:41Z,2025-10-26T12:58:41Z,51.2,31.7,5.674,6.931,15.489
2025-10-26T17:59:41Z,2025-10-26T12:59:41Z,50.4,31.7,5.339,6.436,21.167
2025-10-26T18:00:41Z,2025-10-26T13:00:41Z,50.1,31.7,5.392,6.399,15.53
2025-10-26T18:01:41Z,2025-10-26T13:01:41Z,51.1,31.8,5.14,6.168,11.278
2025-10-26T18:02:41Z,2025-10-26T13:02:41Z,49.4,31.9,5.043,5.931,15.266
2025-10-26T18:03:41Z,2025-10-26T13:03:41Z,49.2,32.0,5.549,6.434,15.653
2025-10-26T18:04:42Z,2025-10-26T13:04:42Z,49.2,32.1,5.327,6.348,14.803
2025-10-26T18:05:42Z,2025-10-26T13:05:42Z,49.3,32.2,5.982,7.137,19.962
2025-10-26T18:06:42Z,2025-10-26T13:06:42Z,50.1,32.3,5.229,6.456,17.796
2025-10-26T18:07:42Z,2025-10-26T13:07:42Z,49.3,32.4,5.495,6.998,17.449
2025-10-26T18:08:42Z,2025-10-26T13:08:42Z,50.1,32.5,5.463,6.481,24.221
2025-10-26T18:09:42Z,2025-10-26T13:09:42Z,48.3,32.6,5.576,6.735,11.818
2025-10-26T18:10:42Z,2025-10-26T13:10:42Z,49.2,32.7,5.369,6.493,24.39
2025-10-26T18:11:42Z,2025-10-26T13:11:42Z,48.9,32.9,5.359,6.401,20.335
2025-10-26T18:12:42Z,2025-10-26T13:12:42Z,48.8,33.0,5.972,6.935,18.7
2025-10-26T18:13:42Z,2025-10-26T13:13:42Z,47.1,33.1,5.942,7.178,17.514
2025-10-26T18:14:42Z,2025-10-26T13:14:42Z,46.2,33.2,5.356,6.612,24.104
2025-10-26T18:15:42Z,2025-10-26T13:15:42Z,45.5,33.3,5.539,6.728,26.369
2025-10-26T18:16:42Z,2025-10-26T13:16:42Z,45.7,33.4,5.699,6.757,10.618
2025-10-26T18:17:42Z,2025-10-26T13:17:42Z,47.2,33.5,5.852,7.18,15.333
2025-10-26T18:18:42Z,2025-10-26T13:18:42Z,45.1,33.6,5.265,6.219,12.546
2025-10-26T18:19:42Z,2025-10-26T13:19:42Z,45.1,33.6,5.505,6.471,28.908
2025-10-26T18:20:42Z,2025-10-26T13:20:42Z,46.0,33.7,6.002,7.065,16.513
2025-10-26T18:21:42Z,2025-10-26T13:21:42Z,45.0,33.8,5.368,6.162,10.69
2025-10-26T18:22:42Z,2025-10-26T13:22:42Z,45.2,33.8,5.505,6.397,16.246
2025-10-26T18:23:42Z,2025-10-26T13:23:42Z,45.6,33.9,5.088,6.147,18.138
2025-10-26T18:24:42Z,2025-10-26T13:24:42Z,45.0,34.0,5.173,6.385,10.727
2025-10-26T18:25:42Z,2025-10-26T13:25:42Z,45.8,34.2,5.155,5.894,8.438
2025-10-26T18:26:43Z,2025-10-26T13:26:43Z,43.9,34.3,5.457,6.28,12.244
2025-10-26T18:27:43Z,2025-10-26T13:27:43Z,43.6,34.5,5.652,6.665,17.305
2025-10-26T18:28:43Z,2025-10-26T13:28:43Z,43.3,34.6,5.185,6.137,15.736
2025-10-26T18:34:21Z,2025-10-26T13:34:21Z,41.6,35.2,5.847,6.659,12.439
2025-10-26T18:35:07Z,2025-10-26T13:35:07Z,41.5,35.3,5.497,6.518,34.161
2025-10-26T18:36:07Z,2025-10-26T13:36:07Z,41.2,35.3,5.446,6.362,23.362
2025-10-26T18:37:07Z,2025-10-26T13:37:07Z,41.3,35.3,5.205,6.144,19.513
2025-10-26T18:38:07Z,2025-10-26T13:38:07Z,41.6,35.3,5.418,6.283,11.833
2025-10-26T18:39:07Z,2025-10-26T13:39:07Z,41.8,35.3,4.826,5.724,17.167
2025-10-26T18:40:07Z,2025-10-26T13:40:07Z,41.4,35.2,4.939,5.658,11.778
2025-10-26T18:41:08Z,2025-10-26T13:41:08Z,41.8,35.2,4.85,5.514,6.5
2025-10-26T18:42:08Z,2025-10-26T13:42:08Z,41.4,35.2,5.112,6.302,15.739
2025-10-26T18:43:08Z,2025-10-26T13:43:08Z,41.6,35.1,5.288,5.978,15.306
2025-10-26T18:44:08Z,2025-10-26T13:44:08Z,41.8,35.0,4.735,5.435,8.936
2025-10-26T18:45:08Z,2025-10-26T13:45:08Z,42.3,34.9,5.057,5.798,10.794
2025-10-26T18:46:08Z,2025-10-26T13:46:08Z,42.6,34.7,5.239,5.992,22.728
2025-10-26T18:47:08Z,2025-10-26T13:47:08Z,43.0,34.5,5.164,6.169,9.475
2025-10-26T18:48:08Z,2025-10-26T13:48:08Z,43.9,34.4,5.068,5.75,19.42
2025-10-26T18:49:08Z,2025-10-26T13:49:08Z,44.9,34.3,4.804,5.608,24.773
2025-10-26T18:50:08Z,2025-10-26T13:50:08Z,43.5,34.3,5.107,5.893,15.806
2025-10-26T18:51:08Z,2025-10-26T13:51:08Z,43.0,34.3,5.352,6.134,12.62
2025-10-26T18:52:08Z,2025-10-26T13:52:08Z,42.7,34.3,5.51,6.288,13.482
2025-10-26T18:53:08Z,2025-10-26T13:53:08Z,42.4,34.3,5.429,6.068,14.833
2025-10-26T18:54:08Z,2025-10-26T13:54:08Z,42.2,34.3,5.599,6.193,17.06
2025-10-26T18:55:08Z,2025-10-26T13:55:08Z,41.9,34.3,5.508,6.105,12.487
2025-10-26T18:56:08Z,2025-10-26T13:56:08Z,42.2,34.3,5.156,5.836,11.001
2025-10-26T18:57:08Z,2025-10-26T13:57:08Z,42.7,34.4,5.191,5.92,10.548
2025-10-26T18:58:08Z,2025-10-26T13:58:08Z,44.3,34.4,5.72,6.32,11.706
2025-10-26T18:59:08Z,2025-10-26T13:59:08Z,43.4,34.5,5.429,6.024,10.131
2025-10-26T19:00:08Z,2025-10-26T14:00:08Z,42.9,34.6,5.508,6.168,10.955
2025-10-26T19:01:08Z,2025-10-26T14:01:08Z,42.4,34.7,5.359,6.23,8.776
2025-10-26T19:02:08Z,2025-10-26T14:02:08Z,42.1,34.8,5.576,6.271,9.488
2025-10-26T19:03:08Z,2025-10-26T14:03:08Z,41.3,34.9,5.764,6.304,12.231
2025-10-26T19:04:08Z,2025-10-26T14:04:08Z,41.3,35.0,5.282,5.884,21.801
2025-10-26T19:05:09Z,2025-10-26T14:05:09Z,41.3,35.1,5.784,6.177,12.737
2025-10-26T19:06:09Z,2025-10-26T14:06:09Z,41.4,35.1,5.806,6.573,22.917
2025-10-26T19:07:09Z,2025-10-26T14:07:09Z,41.2,35.1,5.693,6.389,25.929
2025-10-26T19:08:09Z,2025-10-26T14:08:09Z,41.1,35.1,5.869,6.726,20.504
2025-10-26T19:09:09Z,2025-10-26T14:09:09Z,41.0,35.0,5.786,6.496,17.789
2025-10-26T19:10:09Z,2025-10-26T14:10:09Z,41.0,35.0,5.861,6.589,11.847
2025-10-26T19:11:09Z,2025-10-26T14:11:09Z,41.6,35.0,5.967,6.811,15.15
2025-10-26T19:12:09Z,2025-10-26T14:12:09Z,41.1,35.0,6.068,6.606,20.836
2025-10-26T19:13:09Z,2025-10-26T14:13:09Z,41.0,35.0,5.731,6.49,14.795
2025-10-26T19:14:09Z,2025-10-26T14:14:09Z,41.1,34.9,5.882,6.374,14.877
2025-10-26T19:15:09Z,2025-10-26T14:15:09Z,41.3,34.8,5.551,6.23,7.684
2025-10-26T19:16:09Z,2025-10-26T14:16:09Z,41.6,34.6,6.205,6.858,11.427
2025-10-26T19:17:09Z,2025-10-26T14:17:09Z,42.2,34.4,6.156,6.948,24.192
2025-10-26T19:18:09Z,2025-10-26T14:18:09Z,42.5,34.2,6.501,7.127,11.443
2025-10-26T19:19:09Z,2025-10-26T14:19:09Z,42.6,34.1,5.979,6.701,15.85
2025-10-26T19:20:09Z,2025-10-26T14:20:09Z,44.0,33.9,6.282,7.1,18.584
2025-10-26T19:21:09Z,2025-10-26T14:21:09Z,43.4,33.9,6.548,7.403,11.852
2025-10-26T19:22:09Z,2025-10-26T14:22:09Z,42.9,33.8,6.158,6.734,10.947
2025-10-26T19:23:09Z,2025-10-26T14:23:09Z,43.0,33.8,6.311,7.112,16.665
2025-10-26T19:24:09Z,2025-10-26T14:24:09Z,43.2,33.9,6.374,7.206,17.859
2025-10-26T19:25:09Z,2025-10-26T14:25:09Z,43.3,33.9,6.262,6.845,18.626
2025-10-26T19:26:10Z,2025-10-26T14:26:10Z,43.1,33.9,6.397,6.963,19.497
2025-10-26T19:27:10Z,2025-10-26T14:27:10Z,43.1,34.0,6.689,7.351,14.071
2025-10-26T19:28:10Z,2025-10-26T14:28:10Z,42.8,34.0,6.676,7.24,11.104
2025-10-26T19:29:10Z,2025-10-26T14:29:10Z,42.9,34.1,6.476,7.117,13.534
2025-10-26T19:30:10Z,2025-10-26T14:30:10Z,42.8,34.1,6.702,7.445,28.646
2025-10-26T19:31:10Z,2025-10-26T14:31:10Z,42.6,34.1,6.115,6.846,11.034
2025-10-26T19:32:10Z,2025-10-26T14:32:10Z,42.2,34.1,6.257,6.9,9.086
2025-10-26T19:33:10Z,2025-10-26T14:33:10Z,42.2,34.1,6.473,7.083,27.38
2025-10-26T19:34:10Z,2025-10-26T14:34:10Z,42.4,34.0,6.6,7.312,19.692
2025-10-26T19:35:10Z,2025-10-26T14:35:10Z,42.4,34.0,6.266,6.972,12.461
2025-10-26T19:36:10Z,2025-10-26T14:36:10Z,42.5,34.0,6.275,6.739,21.595
2025-10-26T19:37:10Z,2025-10-26T14:37:10Z,43.3,34.0,6.627,7.224,14.987
2025-10-26T19:38:10Z,2025-10-26T14:38:10Z,43.5,34.0,5.893,6.437,17.397
2025-10-26T19:39:05Z,2025-10-26T14:39:05Z,44.4,34.0,6.315,6.849,10.384
2025-10-26T19:40:05Z,2025-10-26T14:40:05Z,42.7,34.1,6.399,6.964,12.92
2025-10-26T19:41:05Z,2025-10-26T14:41:05Z,42.8,34.2,7.058,7.93,12.301
2025-10-26T19:42:05Z,2025-10-26T14:42:05Z,42.5,34.3,6.718,7.336,19.94
2025-10-26T19:43:05Z,2025-10-26T14:43:05Z,41.7,34.4,6.872,7.437,10.014
2025-10-26T19:50:35Z,2025-10-26T14:50:35Z,40.6,34.7,6.43,6.936,11.276
2025-10-26T19:51:20Z,2025-10-26T14:51:20Z,40.4,34.6,6.911,7.425,12.649
2025-10-26T19:52:20Z,2025-10-26T14:52:20Z,40.6,34.5,6.881,7.757,12.316
2025-10-26T19:53:20Z,2025-10-26T14:53:20Z,40.6,34.4,6.578,7.229,11.826
2025-10-26T19:54:20Z,2025-10-26T14:54:20Z,40.8,34.4,6.73,7.222,9.94
2025-10-26T19:55:20Z,2025-10-26T14:55:20Z,40.8,34.3,6.672,7.22,8.497
2025-10-26T19:56:20Z,2025-10-26T14:56:20Z,41.5,34.3,7.327,7.802,13.615
2025-10-26T19:57:20Z,2025-10-26T14:57:20Z,42.1,34.3,7.291,7.901,8.945
2025-10-26T19:58:20Z,2025-10-26T14:58:20Z,42.4,34.3,7.024,7.587,14.057
2025-10-26T19:59:20Z,2025-10-26T14:59:20Z,41.2,34.4,6.747,7.499,8.831
2025-10-26T20:00:20Z,2025-10-26T15:00:20Z,41.3,34.4,7.014,7.536,20.922
2025-10-26T20:01:20Z,2025-10-26T15:01:20Z,40.7,34.5,7.049,7.591,12.561
2025-10-26T20:02:20Z,2025-10-26T15:02:20Z,40.9,34.5,7.073,7.581,13.345
2025-10-26T20:03:20Z,2025-10-26T15:03:20Z,41.0,34.6,6.913,7.456,23.265
2025-10-26T20:04:20Z,2025-10-26T15:04:20Z,40.5,34.6,7.412,7.974,14.214
2025-10-26T20:05:20Z,2025-10-26T15:05:20Z,40.6,34.7,7.142,7.776,20.858
2025-10-26T20:06:21Z,2025-10-26T15:06:21Z,40.8,34.7,6.774,7.235,11.686
2025-10-26T20:07:21Z,2025-10-26T15:07:21Z,40.0,34.8,6.949,7.425,20.464
2025-10-26T20:08:21Z,2025-10-26T15:08:21Z,40.2,34.8,7.331,7.914,16.55
2025-10-26T20:09:21Z,2025-10-26T15:09:21Z,40.1,34.9,7.268,7.743,12.733
2025-10-26T20:10:21Z,2025-10-26T15:10:21Z,40.5,34.9,7.512,8.138,15.811
2025-10-26T20:11:21Z,2025-10-26T15:11:21Z,40.2,35.0,7.399,7.781,17.992
2025-10-26T20:12:21Z,2025-10-26T15:12:21Z,39.7,35.1,6.907,7.394,13.261
2025-10-26T20:13:21Z,2025-10-26T15:13:21Z,41.1,35.1,7.113,7.783,19.115
2025-10-26T20:14:21Z,2025-10-26T15:14:21Z,40.1,35.2,6.917,7.391,8.416
2025-10-26T20:20:15Z,2025-10-26T15:20:15Z,38.6,35.4,7.739,8.086,16.516
2025-10-26T20:21:00Z,2025-10-26T15:21:00Z,39.0,35.3,7.307,7.813,10.987
2025-10-26T20:22:00Z,2025-10-26T15:22:00Z,40.3,35.3,7.213,7.622,12.93
2025-10-26T20:23:00Z,2025-10-26T15:23:00Z,39.2,35.4,7.324,7.838,10.106
2025-10-26T20:24:00Z,2025-10-26T15:24:00Z,38.9,35.4,7.323,7.805,24.031
2025-10-26T20:25:00Z,2025-10-26T15:25:00Z,38.8,35.4,7.236,7.672,11.751
2025-10-26T20:26:00Z,2025-10-26T15:26:00Z,38.5,35.4,7.298,7.767,10.115
2025-10-26T20:27:00Z,2025-10-26T15:27:00Z,38.6,35.4,7.689,8.111,20.066
2025-10-26T20:28:00Z,2025-10-26T15:28:00Z,39.6,35.4,7.562,7.919,13.794
2025-10-26T20:29:00Z,2025-10-26T15:29:00Z,39.2,35.4,7.176,7.601,9.197
2025-10-26T20:30:00Z,2025-10-26T15:30:00Z,38.5,35.4,7.627,8.22,11.587
2025-10-26T20:31:00Z,2025-10-26T15:31:00Z,38.2,35.5,7.457,8.014,11.639
2025-10-26T20:32:00Z,2025-10-26T15:32:00Z,38.6,35.4,7.229,7.846,16.075
2025-10-26T20:33:00Z,2025-10-26T15:33:00Z,39.9,35.5,7.85,8.432,10.088
2025-10-26T20:34:00Z,2025-10-26T15:34:00Z,40.2,35.5,8.7,9.262,11.23
2025-10-26T20:35:00Z,2025-10-26T15:35:00Z,39.3,35.5,7.564,8.08,14.508
2025-10-26T20:36:01Z,2025-10-26T15:36:01Z,38.8,35.5,7.6,8.067,19.555
2025-10-26T20:37:01Z,2025-10-26T15:37:01Z,38.7,35.5,7.685,8.164,22.065
2025-10-26T20:38:01Z,2025-10-26T15:38:01Z,39.0,35.5,7.584,7.991,10.567
2025-10-26T20:39:01Z,2025-10-26T15:39:01Z,39.0,35.5,7.393,7.829,8.672
2025-10-26T20:40:01Z,2025-10-26T15:40:01Z,38.7,35.5,7.303,7.834,16.728
2025-10-26T20:41:01Z,2025-10-26T15:41:01Z,38.5,35.6,7.357,7.836,14.123
2025-10-26T20:42:01Z,2025-10-26T15:42:01Z,38.5,35.6,7.448,8.148,9.316
2025-10-26T20:43:01Z,2025-10-26T15:43:01Z,38.5,35.6,7.215,7.703,19.076
2025-10-26T20:44:01Z,2025-10-26T15:44:01Z,38.5,35.6,7.735,8.2,14.158
2025-10-27T12:53:20Z,2025-10-27T07:53:20Z,94.3,18.5,4.892,6.875,32.794
2025-10-27T12:54:05Z,2025-10-27T07:54:05Z,94.3,18.5,6.46,7.801,49.731
2025-10-27T12:55:05Z,2025-10-27T07:55:05Z,93.9,18.7,7.083,8.826,27.191
2025-10-27T12:56:05Z,2025-10-27T07:56:05Z,93.2,18.8,8.159,8.975,40.23
2025-10-27T12:57:05Z,2025-10-27T07:57:05Z,92.6,18.9,9.073,9.821,43.274
2025-10-27T12:58:06Z,2025-10-27T07:58:06Z,92.0,19.0,9.537,10.606,35.768
2025-10-27T12:59:06Z,2025-10-27T07:59:06Z,91.6,19.1,9.425,10.993,38.487
2025-10-27T13:00:06Z,2025-10-27T08:00:06Z,91.0,19.3,9.725,11.348,48.393
2025-10-27T13:01:06Z,2025-10-27T08:01:06Z,90.6,19.4,9.736,11.143,41.748
2025-10-27T13:02:06Z,2025-10-27T08:02:06Z,90.2,19.5,9.786,11.055,29.268
2025-10-27T13:03:06Z,2025-10-27T08:03:06Z,89.7,19.6,10.279,12.334,53.591
2025-10-27T13:04:06Z,2025-10-27T08:04:06Z,89.2,19.8,10.399,12.059,62.622
2025-10-27T13:05:06Z,2025-10-27T08:05:06Z,88.9,19.9,10.541,12.641,73.385
2025-10-27T13:06:06Z,2025-10-27T08:06:06Z,88.5,20.0,10.533,12.38,49.357
2025-10-27T13:07:06Z,2025-10-27T08:07:06Z,88.0,20.1,10.869,12.894,43.137
2025-10-27T13:08:06Z,2025-10-27T08:08:06Z,87.4,20.2,10.903,12.848,39.191
2025-10-27T13:09:06Z,2025-10-27T08:09:06Z,86.7,20.3,11.686,13.923,66.622
2025-10-27T13:10:06Z,2025-10-27T08:10:06Z,86.0,20.5,11.968,13.97,49.419
2025-10-27T13:11:06Z,2025-10-27T08:11:06Z,85.5,20.6,11.682,13.837,87.748
2025-10-27T13:12:06Z,2025-10-27T08:12:06Z,85.2,20.7,11.896,13.712,38.479
2025-10-27T13:13:06Z,2025-10-27T08:13:06Z,84.5,20.8,12.313,14.662,41.678
2025-10-27T13:14:06Z,2025-10-27T08:14:06Z,84.1,20.9,12.573,14.966,49.43
2025-10-27T13:15:06Z,2025-10-27T08:15:06Z,83.8,21.0,12.63,15.021,68.703
2025-10-27T13:16:06Z,2025-10-27T08:16:06Z,83.7,21.1,12.705,14.977,84.584
2025-10-27T13:17:07Z,2025-10-27T08:17:07Z,83.1,21.2,12.559,15.118,52.183
2025-10-27T13:18:07Z,2025-10-27T08:18:07Z,82.9,21.3,12.67,15.044,46.455
2025-10-27T13:19:07Z,2025-10-27T08:19:07Z,82.3,21.4,12.998,15.689,57.679
2025-10-27T13:20:07Z,2025-10-27T08:20:07Z,82.5,21.5,13.104,15.578,33.437
2025-10-27T13:21:07Z,2025-10-27T08:21:07Z,81.7,21.6,13.142,15.739,48.893
2025-10-27T13:22:07Z,2025-10-27T08:22:07Z,81.6,21.7,13.28,15.672,44.029
2025-10-27T13:23:07Z,2025-10-27T08:23:07Z,81.2,21.8,13.889,15.891,68.386
2025-10-27T13:24:07Z,2025-10-27T08:24:07Z,81.0,21.9,13.871,16.42,75.763
2025-10-27T13:25:07Z,2025-10-27T08:25:07Z,80.3,22.0,14.43,16.984,40.627
2025-10-27T13:26:07Z,2025-10-27T08:26:07Z,79.6,22.1,14.51,16.807,66.313
2025-10-27T13:27:07Z,2025-10-27T08:27:07Z,79.6,22.2,13.999,16.0,53.917
2025-10-27T13:28:07Z,2025-10-27T08:28:07Z,79.5,22.3,14.193,16.198,62.978
2025-10-27T13:29:07Z,2025-10-27T08:29:07Z,79.3,22.4,14.615,17.037,45.969
2025-10-27T13:30:07Z,2025-10-27T08:30:07Z,78.5,22.5,14.056,16.055,50.493
2025-10-27T13:31:07Z,2025-10-27T08:31:07Z,78.2,22.6,14.638,16.69,46.001
2025-10-27T13:32:07Z,2025-10-27T08:32:07Z,77.9,22.7,14.988,17.05,56.921
2025-10-27T13:37:36Z,2025-10-27T08:37:36Z,76.0,23.3,13.505,15.345,81.864
2025-10-27T13:38:21Z,2025-10-27T08:38:21Z,75.7,23.3,14.918,16.645,50.949
2025-10-27T13:39:21Z,2025-10-27T08:39:21Z,75.4,23.4,15.275,17.259,80.983
2025-10-27T13:40:21Z,2025-10-27T08:40:21Z,75.3,23.5,15.518,17.491,45.88
2025-10-27T13:41:21Z,2025-10-27T08:41:21Z,74.8,23.6,15.265,17.073,47.202
2025-10-27T13:49:52Z,2025-10-27T08:49:52Z,72.1,24.3,13.78,16.091,42.583
2025-10-27T13:50:37Z,2025-10-27T08:50:37Z,71.6,24.3,15.794,18.081,44.381
2025-10-27T13:51:37Z,2025-10-27T08:51:37Z,71.8,24.4,16.259,18.493,73.132
2025-10-27T13:52:37Z,2025-10-27T08:52:37Z,71.5,24.4,15.78,18.2,59.39
2025-10-27T13:53:37Z,2025-10-27T08:53:37Z,71.3,24.5,14.889,17.283,46.204
2025-10-27T13:54:37Z,2025-10-27T08:54:37Z,70.8,24.5,16.071,18.283,63.433
2025-10-27T13:55:38Z,2025-10-27T08:55:38Z,70.6,24.6,14.755,17.038,57.349
2025-10-27T13:56:38Z,2025-10-27T08:56:38Z,70.7,24.7,15.202,17.34,82.619
2025-10-27T13:57:38Z,2025-10-27T08:57:38Z,70.6,24.8,15.549,18.077,62.192
2025-10-27T13:58:38Z,2025-10-27T08:58:38Z,70.2,24.8,15.505,18.02,84.027
2025-10-27T13:59:38Z,2025-10-27T08:59:38Z,69.5,24.9,15.851,18.158,66.389
2025-10-27T14:00:38Z,2025-10-27T09:00:38Z,69.5,25.0,15.122,17.269,59.135
2025-10-27T14:01:38Z,2025-10-27T09:01:38Z,69.2,25.1,15.688,18.282,66.849
2025-10-27T14:02:38Z,2025-10-27T09:02:38Z,69.0,25.1,14.967,17.136,78.026
2025-10-27T14:03:38Z,2025-10-27T09:03:38Z,68.5,25.2,15.007,17.222,70.635
2025-10-27T14:04:38Z,2025-10-27T09:04:38Z,68.2,25.3,15.377,17.771,57.416
2025-10-27T14:05:38Z,2025-10-27T09:05:38Z,67.7,25.4,15.681,18.232,68.004
2025-10-27T14:06:38Z,2025-10-27T09:06:38Z,67.6,25.5,14.968,17.578,56.904
2025-10-27T14:07:38Z,2025-10-27T09:07:38Z,66.9,25.5,15.414,18.104,35.007
2025-10-27T14:08:38Z,2025-10-27T09:08:38Z,66.4,25.6,15.72,17.848,48.0
2025-10-27T14:09:38Z,2025-10-27T09:09:38Z,66.2,25.7,15.027,17.407,50.504
2025-10-27T14:10:38Z,2025-10-27T09:10:38Z,66.9,25.7,15.121,17.634,67.335
2025-10-27T14:11:38Z,2025-10-27T09:11:38Z,66.1,25.8,15.627,18.557,66.253
2025-10-27T14:12:38Z,2025-10-27T09:12:38Z,66.5,25.9,15.224,17.864,53.641
2025-10-27T14:13:38Z,2025-10-27T09:13:38Z,65.5,25.9,15.472,18.266,57.657
2025-10-27T14:14:38Z,2025-10-27T09:14:38Z,65.2,26.0,15.942,18.205,52.854
2025-10-27T14:15:38Z,2025-10-27T09:15:38Z,65.1,26.1,15.195,17.45,55.164
2025-10-27T14:16:38Z,2025-10-27T09:16:38Z,65.0,26.1,15.292,17.906,43.779
2025-10-27T14:17:39Z,2025-10-27T09:17:39Z,64.9,26.2,15.517,18.183,82.057
2025-10-27T14:18:39Z,2025-10-27T09:18:39Z,64.7,26.3,15.264,17.391,47.104
2025-10-27T14:19:39Z,2025-10-27T09:19:39Z,64.6,26.4,14.906,17.41,50.235
2025-10-27T14:20:39Z,2025-10-27T09:20:39Z,63.9,26.5,15.443,17.686,51.525
2025-10-27T14:21:39Z,2025-10-27T09:21:39Z,63.3,26.6,15.484,17.432,62.789
2025-10-27T14:22:39Z,2025-10-27T09:22:39Z,63.1,26.6,15.721,18.113,62.718
2025-10-27T14:23:39Z,2025-10-27T09:23:39Z,62.8,26.7,15.261,17.83,49.668
2025-10-27T14:24:39Z,2025-10-27T09:24:39Z,62.7,26.8,15.406,17.698,62.768
2025-10-27T14:25:39Z,2025-10-27T09:25:39Z,62.4,26.9,15.382,17.787,59.966
2025-10-27T14:26:39Z,2025-10-27T09:26:39Z,63.0,27.0,15.65,17.691,40.691
2025-10-27T14:27:39Z,2025-10-27T09:27:39Z,62.8,27.1,15.389,17.486,56.592
2025-10-27T14:28:39Z,2025-10-27T09:28:39Z,62.4,27.1,15.639,17.653,34.327
2025-10-27T14:29:39Z,2025-10-27T09:29:39Z,61.9,27.2,15.896,17.883,40.033
2025-10-27T14:30:39Z,2025-10-27T09:30:39Z,61.2,27.3,15.89,17.805,42.033
2025-10-27T14:31:39Z,2025-10-27T09:31:39Z,61.1,27.4,15.918,17.747,56.412
2025-10-27T14:32:39Z,2025-10-27T09:32:39Z,61.0,27.4,15.434,17.359,37.914
2025-10-27T14:33:39Z,2025-10-27T09:33:39Z,60.8,27.5,16.145,17.864,54.892
2025-10-27T14:34:39Z,2025-10-27T09:34:39Z,60.8,27.6,14.863,16.905,31.67
2025-10-27T14:35:39Z,2025-10-27T09:35:39Z,60.3,27.6,15.495,17.612,60.245
2025-10-27T14:36:39Z,2025-10-27T09:36:39Z,59.9,27.7,15.338,17.558,37.981
2025-10-27T14:37:39Z,2025-10-27T09:37:39Z,60.1,27.8,15.439,17.152,50.836
2025-10-27T14:38:39Z,2025-10-27T09:38:39Z,59.6,27.8,15.761,17.445,47.596
2025-10-27T14:39:39Z,2025-10-27T09:39:39Z,59.4,27.9,15.251,17.152,34.053
2025-10-27T14:40:39Z,2025-10-27T09:40:39Z,59.1,27.9,15.924,17.719,46.129
2025-10-27T14:41:39Z,2025-10-27T09:41:39Z,58.9,28.0,15.803,17.747,43.559
2025-10-27T14:42:39Z,2025-10-27T09:42:39Z,59.2,28.0,15.092,16.766,44.538
2025-10-27T14:43:40Z,2025-10-27T09:43:40Z,59.2,28.1,15.408,17.036,60.008
2025-10-27T14:44:40Z,2025-10-27T09:44:40Z,58.8,28.1,15.165,16.98,43.628
2025-10-27T14:45:40Z,2025-10-27T09:45:40Z,58.6,28.2,14.414,15.877,39.891
2025-10-27T14:46:40Z,2025-10-27T09:46:40Z,59.2,28.2,14.755,16.335,54.01
2025-10-27T14:47:40Z,2025-10-27T09:47:40Z,58.4,28.3,14.864,16.384,23.115
2025-10-27T14:48:40Z,2025-10-27T09:48:40Z,58.0,28.4,13.805,15.322,37.801
2025-10-27T14:53:27Z,2025-10-27T09:53:27Z,57.2,28.7,12.787,14.675,27.073
2025-10-27T14:54:12Z,2025-10-27T09:54:12Z,57.3,28.7,13.87,15.298,34.798
2025-10-27T14:55:12Z,2025-10-27T09:55:12Z,57.1,28.7,14.706,16.103,33.484
2025-10-27T14:56:12Z,2025-10-27T09:56:12Z,56.7,28.7,14.284,16.144,36.416
2025-10-27T14:57:12Z,2025-10-27T09:57:12Z,57.4,28.7,13.95,15.406,27.819
2025-10-27T14:58:12Z,2025-10-27T09:58:12Z,56.8,28.7,13.693,15.308,38.011
2025-10-27T14:59:12Z,2025-10-27T09:59:12Z,57.0,28.7,13.855,15.421,36.829
2025-10-27T15:00:12Z,2025-10-27T10:00:12Z,56.7,28.7,14.052,15.314,35.35
2025-10-27T15:01:12Z,2025-10-27T10:01:12Z,56.7,28.6,13.783,15.177,30.942
2025-10-27T15:02:12Z,2025-10-27T10:02:12Z,57.1,28.6,13.636,15.33,25.73
2025-10-27T15:03:12Z,2025-10-27T10:03:12Z,57.7,28.5,13.532,14.844,26.516
2025-10-27T15:04:12Z,2025-10-27T10:04:12Z,57.9,28.5,13.81,15.439,22.96
2025-10-27T15:05:12Z,2025-10-27T10:05:12Z,57.4,28.5,12.918,14.304,34.788
2025-10-27T15:06:12Z,2025-10-27T10:06:12Z,56.6,28.4,12.885,14.42,23.525
2025-10-27T15:07:13Z,2025-10-27T10:07:13Z,57.4,28.4,12.759,14.313,30.032
2025-10-27T15:08:13Z,2025-10-27T10:08:13Z,56.9,28.3,12.113,13.397,26.151
2025-10-27T15:09:13Z,2025-10-27T10:09:13Z,58.6,28.3,12.517,14.033,26.799
2025-10-27T15:10:13Z,2025-10-27T10:10:13Z,58.7,28.2,12.993,14.172,35.347
2025-10-27T15:11:13Z,2025-10-27T10:11:13Z,57.9,28.1,13.0,14.657,39.271
2025-10-27T15:12:13Z,2025-10-27T10:12:13Z,57.9,28.1,13.232,14.458,36.677
2025-10-27T15:13:13Z,2025-10-27T10:13:13Z,58.2,28.0,12.866,14.288,42.011
2025-10-27T15:14:13Z,2025-10-27T10:14:13Z,59.1,28.0,13.518,14.771,40.406
2025-10-27T15:15:13Z,2025-10-27T10:15:13Z,58.5,28.0,13.106,14.607,22.735
2025-10-27T15:16:13Z,2025-10-27T10:16:13Z,59.0,28.0,12.711,14.032,37.385
2025-10-27T15:17:13Z,2025-10-27T10:17:13Z,58.8,28.0,12.718,14.352,45.473
2025-10-27T15:18:13Z,2025-10-27T10:18:13Z,58.6,28.0,12.4,13.74,39.816
2025-10-27T15:19:13Z,2025-10-27T10:19:13Z,57.8,28.1,11.878,12.914,30.158
2025-10-27T15:20:13Z,2025-10-27T10:20:13Z,57.3,28.2,10.172,11.584,39.172
2025-10-27T15:21:13Z,2025-10-27T10:21:13Z,57.8,28.2,12.977,14.482,38.455
2025-10-27T15:22:13Z,2025-10-27T10:22:13Z,57.9,28.2,12.298,13.49,48.431
2025-10-27T15:23:13Z,2025-10-27T10:23:13Z,57.2,28.3,12.255,13.831,30.635
2025-10-27T15:24:13Z,2025-10-27T10:24:13Z,56.6,28.3,9.906,11.368,34.365
2025-10-27T15:25:13Z,2025-10-27T10:25:13Z,56.6,28.3,10.446,11.797,63.074
2025-10-27T15:26:14Z,2025-10-27T10:26:14Z,56.8,28.3,11.428,12.832,32.132
2025-10-27T15:27:14Z,2025-10-27T10:27:14Z,56.6,28.3,10.369,11.886,32.779
2025-10-27T15:28:14Z,2025-10-27T10:28:14Z,57.0,28.3,10.932,12.314,25.012
2025-10-27T15:29:14Z,2025-10-27T10:29:14Z,56.9,28.3,10.882,12.111,20.286
2025-10-27T15:30:14Z,2025-10-27T10:30:14Z,56.8,28.3,10.998,12.354,31.213
2025-10-27T15:31:14Z,2025-10-27T10:31:14Z,57.1,28.3,11.707,12.997,30.8
2025-10-27T15:32:14Z,2025-10-27T10:32:14Z,56.9,28.3,10.317,11.809,19.65
2025-10-27T15:33:14Z,2025-10-27T10:33:14Z,57.1,28.2,11.03,12.365,24.931
2025-10-27T15:34:14Z,2025-10-27T10:34:14Z,57.5,28.2,11.66,13.058,34.73
2025-10-27T15:35:14Z,2025-10-27T10:35:14Z,57.5,28.2,9.594,11.327,30.399
2025-10-27T15:36:14Z,2025-10-27T10:36:14Z,57.3,28.2,9.064,10.566,27.991
2025-10-27T15:37:14Z,2025-10-27T10:37:14Z,57.3,28.1,9.405,11.068,26.492
2025-10-27T15:38:14Z,2025-10-27T10:38:14Z,57.7,28.1,7.813,9.441,29.863
2025-10-27T15:39:14Z,2025-10-27T10:39:14Z,58.5,28.1,11.625,12.849,32.551
2025-10-27T15:40:14Z,2025-10-27T10:40:14Z,58.0,28.1,11.452,12.671,27.738
2025-10-27T15:41:14Z,2025-10-27T10:41:14Z,58.1,28.1,10.91,12.33,34.035
2025-10-27T15:42:14Z,2025-10-27T10:42:14Z,58.1,28.1,10.575,11.984,45.949
2025-10-27T15:43:14Z,2025-10-27T10:43:14Z,57.9,28.2,11.296,12.827,22.589
2025-10-27T15:44:14Z,2025-10-27T10:44:14Z,57.8,28.3,11.292,12.808,27.668
2025-10-27T15:45:14Z,2025-10-27T10:45:14Z,56.9,28.4,10.772,12.399,40.631
2025-10-27T15:46:14Z,2025-10-27T10:46:14Z,56.9,28.5,9.096,10.714,32.397
2025-10-27T15:47:15Z,2025-10-27T10:47:15Z,57.7,28.6,10.244,11.732,36.943
2025-10-27T15:48:15Z,2025-10-27T10:48:15Z,56.8,28.8,10.763,12.163,30.769
2025-10-27T15:49:15Z,2025-10-27T10:49:15Z,56.3,29.0,10.985,12.708,39.678
2025-10-27T15:50:15Z,2025-10-27T10:50:15Z,55.3,29.2,10.061,11.786,33.308
2025-10-27T15:51:15Z,2025-10-27T10:51:15Z,54.6,29.3,11.64,13.194,31.735
2025-10-27T15:52:15Z,2025-10-27T10:52:15Z,54.1,29.4,9.779,11.356,43.343
2025-10-27T15:53:15Z,2025-10-27T10:53:15Z,54.5,29.5,8.936,10.603,17.56
2025-10-27T15:54:15Z,2025-10-27T10:54:15Z,53.9,29.6,7.832,9.558,57.667
2025-10-27T15:55:15Z,2025-10-27T10:55:15Z,54.1,29.6,9.307,10.96,20.253
2025-10-27T15:56:15Z,2025-10-27T10:56:15Z,54.6,29.6,10.113,11.661,24.465
2025-10-27T15:57:15Z,2025-10-27T10:57:15Z,54.7,29.6,10.92,12.631,43.617
2025-10-27T16:02:56Z,2025-10-27T11:02:56Z,54.7,29.5,13.048,15.043,44.534
2025-10-27T16:03:41Z,2025-10-27T11:03:41Z,55.3,29.5,12.42,14.381,41.854
2025-10-27T16:04:41Z,2025-10-27T11:04:41Z,55.3,29.5,11.024,13.054,30.733
2025-10-27T16:05:41Z,2025-10-27T11:05:41Z,54.9,29.5,12.252,14.157,40.894
2025-10-27T16:06:41Z,2025-10-27T11:06:41Z,55.5,29.5,13.193,15.176,61.413
2025-10-27T16:11:02Z,2025-10-27T11:11:02Z,55.2,29.8,12.509,15.782,70.137
2025-10-27T16:11:48Z,2025-10-27T11:11:48Z,54.6,29.9,8.937,10.869,46.501
2025-10-27T16:12:48Z,2025-10-27T11:12:48Z,54.0,29.9,11.578,13.634,43.014
2025-10-27T16:13:48Z,2025-10-27T11:13:48Z,54.3,30.0,11.819,13.719,35.9
2025-10-27T16:14:48Z,2025-10-27T11:14:48Z,53.2,30.1,9.732,11.891,31.264
2025-10-27T16:15:48Z,2025-10-27T11:15:48Z,53.0,30.2,11.35,13.397,47.059
2025-10-27T16:16:48Z,2025-10-27T11:16:48Z,53.0,30.3,12.384,14.515,42.711
2025-10-27T16:17:48Z,2025-10-27T11:17:48Z,51.7,30.4,12.125,14.012,40.392
2025-10-27T16:18:48Z,2025-10-27T11:18:48Z,53.1,30.5,13.281,15.274,49.913
2025-10-27T16:19:48Z,2025-10-27T11:19:48Z,52.6,30.7,9.508,11.443,53.649
2025-10-27T16:20:48Z,2025-10-27T11:20:48Z,52.2,30.8,10.002,12.732,104.408
2025-10-27T16:21:48Z,2025-10-27T11:21:48Z,51.3,30.9,9.693,11.795,53.946
2025-10-27T16:22:48Z,2025-10-27T11:22:48Z,51.9,31.0,11.098,12.976,58.649
2025-10-27T16:23:48Z,2025-10-27T11:23:48Z,51.5,31.0,8.035,10.193,45.186
2025-10-27T16:24:48Z,2025-10-27T11:24:48Z,51.2,31.1,10.955,13.024,33.387
2025-10-27T16:25:48Z,2025-10-27T11:25:48Z,51.6,31.1,12.426,14.74,45.581
2025-10-27T16:26:48Z,2025-10-27T11:26:48Z,50.8,31.2,12.074,14.23,56.282
2025-10-27T16:27:48Z,2025-10-27T11:27:48Z,51.6,31.3,12.577,14.859,40.175
2025-10-27T16:28:48Z,2025-10-27T11:28:48Z,51.5,31.3,12.003,13.833,47.588
2025-10-27T16:29:48Z,2025-10-27T11:29:48Z,50.5,31.4,13.343,15.312,61.125
2025-10-27T16:30:48Z,2025-10-27T11:30:48Z,50.4,31.5,12.335,14.5,33.912
2025-10-27T16:31:48Z,2025-10-27T11:31:48Z,49.9,31.6,8.393,11.011,34.576
2025-10-27T16:32:48Z,2025-10-27T11:32:48Z,49.4,31.7,11.042,13.211,52.828
2025-10-27T16:33:48Z,2025-10-27T11:33:48Z,49.4,31.7,12.685,14.735,34.614
2025-10-27T16:34:48Z,2025-10-27T11:34:48Z,49.8,31.8,13.911,16.172,49.412
2025-10-27T16:35:49Z,2025-10-27T11:35:49Z,49.7,31.9,12.277,14.759,30.302
2025-10-27T16:36:49Z,2025-10-27T11:36:49Z,49.4,32.1,10.569,12.627,33.053
2025-10-27T16:37:49Z,2025-10-27T11:37:49Z,49.3,32.2,11.676,13.606,78.472
2025-10-27T16:38:49Z,2025-10-27T11:38:49Z,49.7,32.3,13.106,14.974,56.156
2025-10-27T16:39:49Z,2025-10-27T11:39:49Z,49.4,32.4,13.528,15.697,47.76
2025-10-27T16:40:49Z,2025-10-27T11:40:49Z,48.5,32.5,13.901,16.247,32.58
2025-10-27T16:41:49Z,2025-10-27T11:41:49Z,48.3,32.7,12.657,14.311,74.378
2025-10-27T16:42:49Z,2025-10-27T11:42:49Z,47.8,32.8,10.088,12.015,38.135
2025-10-27T16:43:49Z,2025-10-27T11:43:49Z,48.0,32.9,13.112,15.172,38.574
2025-10-27T16:44:49Z,2025-10-27T11:44:49Z,46.8,33.0,11.882,13.858,55.356
2025-10-27T16:45:49Z,2025-10-27T11:45:49Z,47.1,33.1,11.824,14.243,37.837
2025-10-27T16:46:49Z,2025-10-27T11:46:49Z,48.2,33.2,12.662,14.635,37.36
2025-10-27T16:47:49Z,2025-10-27T11:47:49Z,47.5,33.3,13.207,15.197,62.416
2025-10-27T16:48:49Z,2025-10-27T11:48:49Z,46.7,33.5,13.442,15.426,22.644
2025-10-27T16:49:49Z,2025-10-27T11:49:49Z,47.0,33.5,10.024,11.971,64.363
2025-10-27T16:50:49Z,2025-10-27T11:50:49Z,45.9,33.6,7.013,8.855,34.548
2025-10-27T16:51:49Z,2025-10-27T11:51:49Z,46.4,33.7,10.843,12.718,37.439
2025-10-27T16:52:49Z,2025-10-27T11:52:49Z,46.5,33.8,9.926,12.02,56.891
2025-10-27T16:53:49Z,2025-10-27T11:53:49Z,46.4,33.8,10.527,12.496,47.715
2025-10-27T16:54:49Z,2025-10-27T11:54:49Z,46.1,33.9,9.718,11.809,44.123
2025-10-27T16:55:49Z,2025-10-27T11:55:49Z,46.3,33.9,10.302,12.264,42.983
2025-10-27T16:56:49Z,2025-10-27T11:56:49Z,46.8,34.0,12.45,14.43,26.323
2025-10-27T16:57:49Z,2025-10-27T11:57:49Z,45.9,34.0,9.749,11.736,110.488
2025-10-27T16:58:50Z,2025-10-27T11:58:50Z,46.7,34.1,8.394,10.57,51.237
2025-10-27T16:59:50Z,2025-10-27T11:59:50Z,45.5,34.1,9.166,11.331,34.142
2025-10-27T17:00:50Z,2025-10-27T12:00:50Z,46.4,34.2,10.725,12.973,27.289
2025-10-27T17:01:50Z,2025-10-27T12:01:50Z,44.7,34.2,9.515,11.686,54.14
2025-10-27T17:02:50Z,2025-10-27T12:02:50Z,45.0,34.2,11.541,13.613,55.168
2025-10-27T17:03:50Z,2025-10-27T12:03:50Z,44.8,34.3,9.906,11.815,32.249
2025-10-27T17:04:50Z,2025-10-27T12:04:50Z,45.1,34.3,10.053,12.388,65.043
2025-10-27T17:05:50Z,2025-10-27T12:05:50Z,45.5,34.3,12.364,14.409,46.892
2025-10-27T17:06:50Z,2025-10-27T12:06:50Z,44.6,34.4,12.893,15.096,63.31
2025-10-27T17:07:50Z,2025-10-27T12:07:50Z,44.3,34.4,13.277,15.336,32.693
2025-10-27T17:08:50Z,2025-10-27T12:08:50Z,45.4,34.5,10.327,12.685,50.131
2025-10-27T17:09:50Z,2025-10-27T12:09:50Z,44.9,34.5,7.926,10.224,43.782
2025-10-27T17:10:50Z,2025-10-27T12:10:50Z,44.7,34.5,8.837,10.703,39.559
2025-10-27T17:11:50Z,2025-10-27T12:11:50Z,44.5,34.6,9.331,11.587,64.059
2025-10-27T17:12:50Z,2025-10-27T12:12:50Z,45.2,34.6,9.691,12.208,43.218
2025-10-27T17:13:50Z,2025-10-27T12:13:50Z,44.9,34.6,11.253,13.668,53.019
2025-10-27T17:14:50Z,2025-10-27T12:14:50Z,43.9,34.6,11.602,13.939,60.841
2025-10-27T17:15:50Z,2025-10-27T12:15:50Z,43.6,34.7,11.792,14.433,54.042
2025-10-27T17:16:50Z,2025-10-27T12:16:50Z,43.9,34.7,12.605,15.009,32.487
2025-10-27T17:17:50Z,2025-10-27T12:17:50Z,44.7,34.7,10.875,13.308,72.411
2025-10-27T17:18:50Z,2025-10-27T12:18:50Z,45.5,34.8,13.03,15.575,38.959
2025-10-27T17:19:50Z,2025-10-27T12:19:50Z,44.5,34.8,6.792,8.995,23.026
2025-10-27T17:27:05Z,2025-10-27T12:27:05Z,43.6,35.1,7.963,10.091,45.966
2025-10-27T17:27:50Z,2025-10-27T12:27:50Z,43.2,35.0,10.415,13.046,59.325
2025-10-27T17:28:50Z,2025-10-27T12:28:50Z,43.6,35.0,10.763,13.383,31.617
2025-10-27T17:29:50Z,2025-10-27T12:29:50Z,43.5,34.9,8.728,10.951,24.27
2025-10-27T17:30:50Z,2025-10-27T12:30:50Z,43.8,34.9,10.541,12.816,45.788
2025-10-27T17:31:50Z,2025-10-27T12:31:50Z,44.4,34.9,7.354,9.494,50.14
2025-10-27T17:32:50Z,2025-10-27T12:32:50Z,45.3,34.9,10.932,13.293,36.172
2025-10-27T17:33:51Z,2025-10-27T12:33:51Z,44.7,34.9,10.599,12.564,64.497
2025-10-27T17:34:51Z,2025-10-27T12:34:51Z,45.1,34.9,10.595,12.941,50.482
2025-10-27T17:35:51Z,2025-10-27T12:35:51Z,45.1,34.9,12.797,15.004,51.373
2025-10-27T17:36:51Z,2025-10-27T12:36:51Z,44.7,34.9,11.99,14.117,51.428
2025-10-27T17:37:51Z,2025-10-27T12:37:51Z,43.9,34.9,11.321,13.809,35.0
2025-10-27T17:38:51Z,2025-10-27T12:38:51Z,44.2,35.0,11.281,13.304,45.946
2025-10-27T17:39:51Z,2025-10-27T12:39:51Z,43.2,35.0,11.588,14.317,35.203
2025-10-27T17:40:51Z,2025-10-27T12:40:51Z,43.1,35.0,12.694,14.901,42.366
2025-10-27T17:41:51Z,2025-10-27T12:41:51Z,43.1,35.1,12.621,14.762,47.212
2025-10-27T17:42:51Z,2025-10-27T12:42:51Z,43.7,35.1,12.01,14.166,56.137
2025-10-27T17:43:51Z,2025-10-27T12:43:51Z,43.4,35.2,11.834,13.849,57.822
2025-10-27T17:44:51Z,2025-10-27T12:44:51Z,44.0,35.2,12.182,14.179,60.942
2025-10-27T17:45:51Z,2025-10-27T12:45:51Z,44.0,35.2,9.395,11.44,79.956
2025-10-27T17:46:51Z,2025-10-27T12:46:51Z,43.9,35.2,8.254,10.681,42.722
2025-10-27T17:47:51Z,2025-10-27T12:47:51Z,43.5,35.3,10.202,12.688,59.036
2025-10-27T17:48:51Z,2025-10-27T12:48:51Z,43.1,35.3,10.666,12.509,31.483
2025-10-27T17:49:51Z,2025-10-27T12:49:51Z,42.5,35.3,10.699,12.455,62.647
2025-10-27T17:50:51Z,2025-10-27T12:50:51Z,42.8,35.4,9.863,12.105,38.381
2025-10-27T17:51:51Z,2025-10-27T12:51:51Z,42.6,35.4,8.352,10.5,77.914
2025-10-27T17:52:51Z,2025-10-27T12:52:51Z,42.7,35.4,13.854,15.784,36.71
2025-10-27T17:53:51Z,2025-10-27T12:53:51Z,42.6,35.5,13.602,15.624,35.203
2025-10-27T17:54:51Z,2025-10-27T12:54:51Z,41.8,35.5,12.61,14.454,30.881
2025-10-27T17:55:51Z,2025-10-27T12:55:51Z,40.4,35.5,11.861,13.949,29.117
2025-10-27T17:56:51Z,2025-10-27T12:56:51Z,41.2,35.6,12.171,13.846,40.193
2025-10-27T17:57:52Z,2025-10-27T12:57:52Z,41.9,35.7,13.845,15.814,46.838
2025-10-27T17:58:52Z,2025-10-27T12:58:52Z,41.5,35.7,13.12,14.573,44.878
2025-10-27T17:59:52Z,2025-10-27T12:59:52Z,41.0,35.8,12.126,14.152,37.976
2025-10-27T18:00:52Z,2025-10-27T13:00:52Z,40.6,35.9,12.448,14.573,34.229
2025-10-27T18:01:52Z,2025-10-27T13:01:52Z,40.6,35.9,12.657,14.615,45.244
2025-10-27T18:02:52Z,2025-10-27T13:02:52Z,40.7,36.0,8.976,10.942,50.207
2025-10-27T18:03:52Z,2025-10-27T13:03:52Z,40.9,36.1,9.74,11.914,35.73
2025-10-27T18:04:52Z,2025-10-27T13:04:52Z,40.5,36.1,12.025,14.055,32.93
2025-10-27T18:05:52Z,2025-10-27T13:05:52Z,40.8,36.2,12.627,14.728,48.397
2025-10-27T18:06:52Z,2025-10-27T13:06:52Z,40.3,36.2,12.856,14.594,46.25
2025-10-27T18:07:52Z,2025-10-27T13:07:52Z,40.1,36.2,12.802,14.717,39.146
2025-10-27T18:08:52Z,2025-10-27T13:08:52Z,39.7,36.2,13.244,14.934,60.894
2025-10-27T18:09:52Z,2025-10-27T13:09:52Z,40.3,36.2,12.608,14.125,35.859
2025-10-27T18:10:52Z,2025-10-27T13:10:52Z,40.5,36.3,11.547,13.421,41.826
2025-10-27T18:11:52Z,2025-10-27T13:11:52Z,40.4,36.4,10.042,11.885,58.548
2025-10-27T18:12:52Z,2025-10-27T13:12:52Z,40.9,36.4,12.043,13.629,25.978
2025-10-27T18:13:52Z,2025-10-27T13:13:52Z,41.0,36.4,11.896,13.75,45.947
2025-10-27T18:14:52Z,2025-10-27T13:14:52Z,40.5,36.5,11.942,13.825,30.773
2025-10-27T18:15:52Z,2025-10-27T13:15:52Z,39.8,36.5,12.158,13.995,41.341
2025-10-27T18:16:52Z,2025-10-27T13:16:52Z,39.9,36.5,10.562,11.959,37.985
2025-10-27T18:17:52Z,2025-10-27T13:17:52Z,39.7,36.5,11.284,12.816,45.426
2025-10-27T18:18:52Z,2025-10-27T13:18:52Z,39.5,36.6,11.666,13.253,36.283
2025-10-27T18:19:52Z,2025-10-27T13:19:52Z,38.5,36.6,12.0,14.018,39.534
2025-10-27T18:20:53Z,2025-10-27T13:20:53Z,38.3,36.6,11.96,13.802,51.007
2025-10-27T18:21:53Z,2025-10-27T13:21:53Z,38.6,36.6,12.015,13.48,39.341
2025-10-27T18:22:53Z,2025-10-27T13:22:53Z,38.9,36.7,11.129,12.715,49.974
2025-10-27T18:23:53Z,2025-10-27T13:23:53Z,38.3,36.7,10.963,12.622,39.963
2025-10-27T18:24:53Z,2025-10-27T13:24:53Z,38.5,36.7,9.312,11.212,44.615
2025-10-27T18:25:53Z,2025-10-27T13:25:53Z,39.1,36.7,9.03,10.521,37.532
2025-10-27T18:26:53Z,2025-10-27T13:26:53Z,38.9,36.8,8.984,10.582,44.41
2025-10-27T18:27:53Z,2025-10-27T13:27:53Z,38.8,36.8,8.533,10.065,44.73
2025-10-27T18:28:53Z,2025-10-27T13:28:53Z,38.4,36.8,10.577,12.246,28.816
2025-10-27T18:29:53Z,2025-10-27T13:29:53Z,38.5,36.8,10.212,11.667,32.46
2025-10-27T18:30:53Z,2025-10-27T13:30:53Z,38.9,36.9,8.266,9.938,27.544
2025-10-27T18:36:47Z,2025-10-27T13:36:47Z,38.3,37.0,10.913,12.39,67.73
2025-10-27T18:37:32Z,2025-10-27T13:37:32Z,37.8,37.0,11.414,13.064,69.356
2025-10-27T18:38:32Z,2025-10-27T13:38:32Z,39.3,36.9,10.394,12.115,49.802
2025-10-27T18:39:32Z,2025-10-27T13:39:32Z,38.5,36.9,10.516,11.992,44.477
2025-10-27T18:40:32Z,2025-10-27T13:40:32Z,39.4,36.9,9.807,11.335,33.3
2025-10-27T18:41:32Z,2025-10-27T13:41:32Z,38.7,36.9,10.006,11.277,39.849
2025-10-27T18:42:32Z,2025-10-27T13:42:32Z,38.3,36.9,10.256,11.673,37.16
2025-10-27T18:43:32Z,2025-10-27T13:43:32Z,38.5,36.9,9.148,10.412,23.019
2025-10-27T18:44:32Z,2025-10-27T13:44:32Z,38.5,36.9,5.355,7.32,58.592
2025-10-27T18:45:32Z,2025-10-27T13:45:32Z,38.5,37.0,5.088,6.645,47.182
2025-10-27T18:46:32Z,2025-10-27T13:46:32Z,39.0,36.9,6.527,8.378,39.301
2025-10-27T18:47:32Z,2025-10-27T13:47:32Z,38.8,36.9,8.728,10.335,43.458
2025-10-27T18:48:32Z,2025-10-27T13:48:32Z,39.2,36.9,11.074,12.418,29.055
2025-10-27T18:49:32Z,2025-10-27T13:49:32Z,38.9,36.8,7.596,9.254,43.768
2025-10-27T18:50:32Z,2025-10-27T13:50:32Z,38.4,36.8,10.523,12.205,42.3
2025-10-27T18:51:32Z,2025-10-27T13:51:32Z,37.5,36.8,10.811,11.849,43.58
2025-10-27T18:52:32Z,2025-10-27T13:52:32Z,37.4,36.8,10.297,11.4,46.37
2025-10-27T18:53:32Z,2025-10-27T13:53:32Z,36.7,36.7,9.799,11.131,33.915
2025-10-27T18:54:33Z,2025-10-27T13:54:33Z,37.9,36.7,10.025,11.252,34.683
2025-10-27T18:55:33Z,2025-10-27T13:55:33Z,38.1,36.7,9.575,10.794,22.071
2025-10-27T18:56:33Z,2025-10-27T13:56:33Z,38.0,36.7,8.79,10.135,28.417
2025-10-27T18:57:33Z,2025-10-27T13:57:33Z,38.9,36.7,9.357,10.625,42.119
2025-10-27T18:58:33Z,2025-10-27T13:58:33Z,38.9,36.7,8.221,9.509,33.295
2025-10-27T18:59:33Z,2025-10-27T13:59:33Z,38.2,36.7,9.757,10.965,37.279
2025-10-27T19:00:33Z,2025-10-27T14:00:33Z,37.9,36.7,9.726,10.961,25.306
2025-10-27T19:01:33Z,2025-10-27T14:01:33Z,37.5,36.7,9.769,10.752,23.55
2025-10-27T19:02:33Z,2025-10-27T14:02:33Z,37.1,36.7,9.338,10.824,50.857
2025-10-27T19:03:33Z,2025-10-27T14:03:33Z,38.9,36.6,8.672,9.842,29.736
2025-10-27T19:04:33Z,2025-10-27T14:04:33Z,37.8,36.7,9.657,11.17,27.837
2025-10-27T19:05:33Z,2025-10-27T14:05:33Z,37.7,36.7,10.465,11.899,26.932
2025-10-27T19:06:33Z,2025-10-27T14:06:33Z,37.9,36.6,9.602,10.883,23.383
2025-10-27T19:07:33Z,2025-10-27T14:07:33Z,37.6,36.6,9.391,10.572,39.504
2025-10-27T19:08:33Z,2025-10-27T14:08:33Z,37.9,36.6,9.845,11.223,34.851
2025-10-27T19:09:33Z,2025-10-27T14:09:33Z,38.6,36.6,10.855,12.076,30.137
2025-10-27T19:10:33Z,2025-10-27T14:10:33Z,38.1,36.6,9.754,11.161,30.682
2025-10-27T19:11:33Z,2025-10-27T14:11:33Z,38.2,36.6,9.731,10.717,30.733
2025-10-27T19:12:33Z,2025-10-27T14:12:33Z,38.9,36.7,7.242,8.52,37.204
2025-10-27T19:13:33Z,2025-10-27T14:13:33Z,37.0,36.7,2.963,4.248,55.872
2025-10-27T19:14:33Z,2025-10-27T14:14:33Z,37.1,36.8,4.622,6.095,54.12
2025-10-27T19:15:33Z,2025-10-27T14:15:33Z,38.0,36.7,7.202,9.433,95.682
2025-10-27T19:16:33Z,2025-10-27T14:16:33Z,37.5,36.8,4.584,6.45,58.225
2025-10-27T19:17:34Z,2025-10-27T14:17:34Z,38.2,36.8,7.89,9.445,78.822
2025-10-27T19:18:34Z,2025-10-27T14:18:34Z,37.3,36.8,5.203,7.053,72.915
2025-10-27T19:19:34Z,2025-10-27T14:19:34Z,37.9,36.8,9.039,10.582,67.218
2025-10-27T19:20:34Z,2025-10-27T14:20:34Z,38.8,36.8,8.783,10.144,63.914
2025-10-27T19:21:34Z,2025-10-27T14:21:34Z,38.0,36.8,9.27,10.551,29.239
2025-10-27T19:22:34Z,2025-10-27T14:22:34Z,36.6,36.8,8.956,10.148,29.868
2025-10-27T19:23:34Z,2025-10-27T14:23:34Z,37.1,36.8,9.379,10.707,29.177
2025-10-27T19:24:34Z,2025-10-27T14:24:34Z,36.8,36.8,9.015,10.505,52.746
2025-10-27T19:25:34Z,2025-10-27T14:25:34Z,36.3,36.8,9.056,10.505,21.709
2025-10-27T19:26:34Z,2025-10-27T14:26:34Z,36.4,36.8,8.985,10.164,26.919
2025-10-27T19:27:34Z,2025-10-27T14:27:34Z,35.8,36.7,9.614,10.691,45.542
2025-10-27T19:28:34Z,2025-10-27T14:28:34Z,35.9,36.8,9.073,10.066,37.386
2025-10-27T19:29:34Z,2025-10-27T14:29:34Z,35.9,36.8,8.542,9.341,35.556
2025-10-27T19:30:34Z,2025-10-27T14:30:34Z,36.2,36.8,9.175,10.494,23.295
2025-10-27T19:31:34Z,2025-10-27T14:31:34Z,36.9,36.8,9.21,10.361,33.328
2025-10-27T19:32:34Z,2025-10-27T14:32:34Z,36.5,36.8,9.231,10.453,33.978
2025-10-27T19:33:34Z,2025-10-27T14:33:34Z,37.1,36.9,9.484,10.535,24.861
2025-10-27T19:34:34Z,2025-10-27T14:34:34Z,36.6,36.9,9.482,10.527,38.277
2025-10-27T19:35:34Z,2025-10-27T14:35:34Z,37.5,37.0,9.193,10.186,26.997
2025-10-27T19:36:34Z,2025-10-27T14:36:34Z,37.8,37.1,9.529,10.679,32.876
2025-10-27T19:37:34Z,2025-10-27T14:37:34Z,36.0,37.1,9.063,10.446,16.887
2025-10-27T19:38:35Z,2025-10-27T14:38:35Z,35.6,37.2,7.853,9.165,58.378
2025-10-27T19:39:35Z,2025-10-27T14:39:35Z,34.8,37.2,8.048,9.151,19.681
2025-10-27T19:40:35Z,2025-10-27T14:40:35Z,35.3,37.3,9.302,10.451,23.746
2025-10-27T19:41:35Z,2025-10-27T14:41:35Z,34.9,37.3,8.821,9.895,35.105
2025-10-27T19:42:35Z,2025-10-27T14:42:35Z,35.4,37.3,8.569,9.561,37.639
2025-10-27T19:43:35Z,2025-10-27T14:43:35Z,36.1,37.3,9.084,10.284,29.778
2025-10-27T19:44:35Z,2025-10-27T14:44:35Z,36.2,37.4,8.897,10.101,18.467
2025-10-27T19:45:35Z,2025-10-27T14:45:35Z,35.9,37.4,8.61,9.923,20.067
2025-10-27T19:50:10Z,2025-10-27T14:50:10Z,36.2,37.5,8.754,10.051,31.114
2025-10-27T19:50:55Z,2025-10-27T14:50:55Z,36.2,37.4,9.017,10.035,23.306
2025-10-27T19:51:55Z,2025-10-27T14:51:55Z,36.2,37.4,8.975,10.258,24.907
2025-10-27T19:52:55Z,2025-10-27T14:52:55Z,37.6,37.4,9.423,10.8,28.67
2025-10-27T19:53:55Z,2025-10-27T14:53:55Z,37.4,37.3,9.164,10.129,39.478
2025-10-27T19:54:55Z,2025-10-27T14:54:55Z,36.4,37.3,8.981,9.988,42.572
2025-10-27T19:55:56Z,2025-10-27T14:55:56Z,36.2,37.3,9.149,10.365,34.598
2025-10-27T19:56:56Z,2025-10-27T14:56:56Z,36.6,37.4,9.86,11.108,27.199
2025-10-27T19:57:56Z,2025-10-27T14:57:56Z,37.6,37.4,10.19,11.33,40.565
2025-10-27T19:58:56Z,2025-10-27T14:58:56Z,38.1,37.5,8.816,10.043,52.476
2025-10-27T19:59:56Z,2025-10-27T14:59:56Z,37.0,37.5,5.396,6.548,25.543
2025-10-27T20:00:56Z,2025-10-27T15:00:56Z,37.3,37.5,9.233,10.745,46.235
2025-10-27T20:01:56Z,2025-10-27T15:01:56Z,37.8,37.5,8.191,9.421,20.182
2025-10-27T20:02:56Z,2025-10-27T15:02:56Z,36.9,37.5,6.146,7.347,29.976
2025-10-27T20:03:56Z,2025-10-27T15:03:56Z,36.5,37.5,5.476,6.817,18.807
2025-10-27T20:04:56Z,2025-10-27T15:04:56Z,36.1,37.5,7.851,9.029,36.959
2025-10-27T20:05:56Z,2025-10-27T15:05:56Z,36.3,37.4,9.717,11.188,52.513
2025-10-27T20:06:56Z,2025-10-27T15:06:56Z,36.0,37.4,9.3,10.655,22.449
2025-10-27T20:07:56Z,2025-10-27T15:07:56Z,36.3,37.3,8.433,9.561,19.636
2025-10-27T20:08:56Z,2025-10-27T15:08:56Z,36.3,37.3,8.764,9.74,37.307
2025-10-27T20:09:56Z,2025-10-27T15:09:56Z,36.4,37.2,9.489,10.883,32.478
2025-10-27T20:10:56Z,2025-10-27T15:10:56Z,36.5,37.1,8.865,10.1,37.109
2025-10-27T20:11:56Z,2025-10-27T15:11:56Z,37.0,37.1,9.196,10.154,26.851
2025-10-27T20:12:56Z,2025-10-27T15:12:56Z,37.2,37.1,8.945,10.098,26.03
2025-10-27T20:13:56Z,2025-10-27T15:13:56Z,38.0,37.1,8.049,9.391,53.519
2025-10-27T20:14:56Z,2025-10-27T15:14:56Z,37.3,37.1,7.431,8.767,34.923
2025-10-27T20:15:56Z,2025-10-27T15:15:56Z,36.3,37.2,6.494,7.486,26.142
2025-10-27T20:16:56Z,2025-10-27T15:16:56Z,37.3,37.2,9.474,10.84,49.059
2025-10-27T20:17:57Z,2025-10-27T15:17:57Z,37.9,37.1,9.215,10.99,46.195
2025-10-27T20:18:57Z,2025-10-27T15:18:57Z,37.3,37.1,8.588,9.682,16.519
2025-10-27T20:19:57Z,2025-10-27T15:19:57Z,36.7,37.1,8.902,9.746,31.228
2025-10-27T20:20:57Z,2025-10-27T15:20:57Z,37.2,37.1,8.665,9.405,17.421
2025-10-27T20:21:57Z,2025-10-27T15:21:57Z,36.8,37.1,7.153,8.341,25.38
2025-10-27T20:22:57Z,2025-10-27T15:22:57Z,37.5,37.1,8.578,9.907,27.491
2025-10-27T20:23:57Z,2025-10-27T15:23:57Z,37.5,37.0,8.137,9.164,19.503
2025-10-27T20:24:57Z,2025-10-27T15:24:57Z,38.0,37.0,8.753,9.872,35.587
2025-10-27T20:25:57Z,2025-10-27T15:25:57Z,36.3,37.0,8.589,9.865,27.594
2025-10-27T20:26:57Z,2025-10-27T15:26:57Z,35.6,37.0,8.304,9.265,22.051
2025-10-27T20:27:57Z,2025-10-27T15:27:57Z,35.1,37.0,7.671,9.205,51.017
2025-10-27T20:28:57Z,2025-10-27T15:28:57Z,36.3,37.0,8.137,9.133,17.943
2025-10-27T20:29:57Z,2025-10-27T15:29:57Z,36.4,37.0,8.169,9.085,20.488
2025-10-27T20:30:57Z,2025-10-27T15:30:57Z,36.1,37.0,6.971,8.017,16.446
2025-10-27T20:31:57Z,2025-10-27T15:31:57Z,36.3,37.0,6.4,7.48,65.943
2025-10-27T20:32:57Z,2025-10-27T15:32:57Z,36.8,37.1,5.491,6.693,40.334
2025-10-27T20:33:57Z,2025-10-27T15:33:57Z,35.9,37.1,6.027,7.333,57.723
2025-10-27T20:34:57Z,2025-10-27T15:34:57Z,36.6,37.1,7.909,9.423,34.225
2025-10-27T20:35:57Z,2025-10-27T15:35:57Z,36.1,37.1,7.86,9.042,56.54
2025-10-27T20:36:57Z,2025-10-27T15:36:57Z,36.5,37.1,7.393,8.719,15.875
2025-10-27T20:37:57Z,2025-10-27T15:37:57Z,37.8,37.1,8.183,9.375,22.78
2025-10-27T20:38:57Z,2025-10-27T15:38:57Z,37.3,37.1,8.84,10.077,39.041
2025-10-27T20:39:57Z,2025-10-27T15:39:57Z,37.9,37.2,7.286,8.478,42.726
2025-10-27T20:40:58Z,2025-10-27T15:40:58Z,36.1,37.2,4.736,5.748,27.608
2025-10-27T20:41:58Z,2025-10-27T15:41:58Z,35.7,37.2,6.512,7.634,41.644
2025-10-27T20:42:58Z,2025-10-27T15:42:58Z,36.2,37.2,7.165,8.654,29.199
2025-10-27T20:43:58Z,2025-10-27T15:43:58Z,37.1,37.2,6.702,8.134,40.3
2025-10-28T13:02:43Z,2025-10-28T08:02:43Z,91.3,22.6,3.47,6.155,61.779
2025-10-28T13:03:28Z,2025-10-28T08:03:28Z,91.2,22.7,4.315,6.175,98.785
2025-10-28T13:04:28Z,2025-10-28T08:04:28Z,90.8,22.8,4.167,5.805,63.352
2025-10-28T13:05:28Z,2025-10-28T08:05:28Z,90.2,22.9,4.309,6.603,87.206
2025-10-28T13:06:28Z,2025-10-28T08:06:28Z,89.8,23.0,4.119,6.292,60.211
2025-10-28T13:49:56Z,2025-10-28T08:49:56Z,85.6,24.6,4.286,6.946,63.555
2025-10-28T13:50:41Z,2025-10-28T08:50:41Z,85.0,24.7,5.911,8.049,63.545
2025-10-28T13:51:41Z,2025-10-28T08:51:41Z,84.6,24.8,5.389,7.468,61.106
2025-10-28T13:52:41Z,2025-10-28T08:52:41Z,83.8,24.9,5.118,7.365,64.71
2025-10-28T13:53:41Z,2025-10-28T08:53:41Z,83.5,25.1,5.693,8.136,48.467
2025-10-28T13:54:41Z,2025-10-28T08:54:41Z,83.1,25.2,3.682,6.022,97.726
2025-10-28T13:55:41Z,2025-10-28T08:55:41Z,82.2,25.4,4.953,7.639,100.36
2025-10-28T13:56:41Z,2025-10-28T08:56:41Z,81.6,25.5,3.941,6.5,90.13
2025-10-28T13:57:41Z,2025-10-28T08:57:41Z,81.1,25.7,4.248,6.832,69.02
2025-10-28T13:58:41Z,2025-10-28T08:58:41Z,80.6,25.8,5.143,7.535,58.853
2025-10-28T13:59:41Z,2025-10-28T08:59:41Z,79.9,26.0,4.683,6.66,81.931
2025-10-28T14:00:41Z,2025-10-28T09:00:41Z,79.3,26.1,4.458,6.518,51.325
2025-10-28T14:01:41Z,2025-10-28T09:01:41Z,78.8,26.2,4.732,6.886,68.479
2025-10-28T14:02:41Z,2025-10-28T09:02:41Z,78.4,26.3,5.012,6.779,38.457
2025-10-28T14:03:41Z,2025-10-28T09:03:41Z,78.9,26.4,4.886,7.5,47.22
2025-10-28T14:04:41Z,2025-10-28T09:04:41Z,78.3,26.5,4.502,6.725,87.474
2025-10-28T14:05:41Z,2025-10-28T09:05:41Z,78.0,26.6,4.957,6.882,27.162
2025-10-28T14:06:41Z,2025-10-28T09:06:41Z,77.9,26.6,5.34,7.485,50.088
2025-10-28T14:07:41Z,2025-10-28T09:07:41Z,77.2,26.7,4.818,7.012,62.686
2025-10-28T14:08:41Z,2025-10-28T09:08:41Z,76.9,26.8,4.997,7.064,50.124
2025-10-28T14:09:41Z,2025-10-28T09:09:41Z,76.9,26.8,4.723,6.794,82.38
2025-10-28T14:10:42Z,2025-10-28T09:10:42Z,76.5,26.9,4.694,6.907,61.999
2025-10-28T14:11:42Z,2025-10-28T09:11:42Z,76.2,26.9,4.415,6.621,35.233
2025-10-28T14:12:42Z,2025-10-28T09:12:42Z,76.2,27.0,4.418,7.014,43.63
2025-10-28T14:13:42Z,2025-10-28T09:13:42Z,75.5,27.0,4.569,6.761,62.127
2025-10-28T15:37:36Z,2025-10-28T10:37:36Z,61.4,31.5,3.973,6.21,47.782
2025-10-28T15:38:22Z,2025-10-28T10:38:22Z,61.6,31.5,4.649,6.8,36.647
2025-10-28T15:39:22Z,2025-10-28T10:39:22Z,61.1,31.6,5.354,7.352,53.799
2025-10-28T15:40:22Z,2025-10-28T10:40:22Z,60.8,31.6,5.116,7.279,37.042
2025-10-28T15:41:22Z,2025-10-28T10:41:22Z,60.1,31.7,5.377,7.238,35.299
2025-10-28T15:42:22Z,2025-10-28T10:42:22Z,59.8,31.8,5.403,7.595,43.507
2025-10-28T15:43:22Z,2025-10-28T10:43:22Z,59.3,31.9,5.281,6.731,24.19
2025-10-28T15:44:22Z,2025-10-28T10:44:22Z,58.6,32.0,5.21,6.939,42.41
2025-10-28T15:45:22Z,2025-10-28T10:45:22Z,58.5,32.1,5.543,7.763,48.252
2025-10-28T15:46:22Z,2025-10-28T10:46:22Z,58.7,32.1,5.601,7.289,27.439
2025-10-28T15:47:22Z,2025-10-28T10:47:22Z,58.3,32.2,4.984,6.64,35.226
2025-10-28T15:48:22Z,2025-10-28T10:48:22Z,58.6,32.3,4.889,6.464,35.568
2025-10-28T15:49:22Z,2025-10-28T10:49:22Z,58.2,32.4,4.189,6.164,90.67
2025-10-28T15:50:22Z,2025-10-28T10:50:22Z,57.5,32.5,5.379,7.142,20.959
2025-10-28T15:51:22Z,2025-10-28T10:51:22Z,57.1,32.5,4.776,6.855,31.781
2025-10-28T15:52:22Z,2025-10-28T10:52:22Z,57.1,32.6,5.453,7.588,27.863
2025-10-28T15:53:22Z,2025-10-28T10:53:22Z,56.7,32.7,5.381,7.378,32.703
2025-10-28T15:54:22Z,2025-10-28T10:54:22Z,56.9,32.7,4.795,6.677,34.312
2025-10-28T15:55:22Z,2025-10-28T10:55:22Z,56.3,32.8,5.591,7.312,17.993
2025-10-28T15:56:22Z,2025-10-28T10:56:22Z,56.2,32.9,5.323,6.993,23.98
2025-10-28T16:32:50Z,2025-10-28T11:32:50Z,53.7,33.2,5.662,7.643,30.668
2025-10-28T16:33:35Z,2025-10-28T11:33:35Z,52.2,33.2,5.575,7.529,56.975
2025-10-28T16:34:36Z,2025-10-28T11:34:36Z,52.5,33.3,5.88,8.521,124.712
2025-10-28T16:35:36Z,2025-10-28T11:35:36Z,51.6,33.4,5.957,8.404,112.406
2025-10-28T16:36:36Z,2025-10-28T11:36:36Z,51.3,33.5,5.998,7.852,37.353
2025-10-28T16:37:36Z,2025-10-28T11:37:36Z,51.8,33.6,5.908,7.71,21.074
2025-10-28T16:38:36Z,2025-10-28T11:38:36Z,51.1,33.7,5.265,7.177,50.678
2025-10-28T16:39:36Z,2025-10-28T11:39:36Z,50.7,33.8,5.74,7.419,54.798
2025-10-28T16:40:36Z,2025-10-28T11:40:36Z,49.8,34.0,5.432,6.92,63.099
2025-10-28T16:41:36Z,2025-10-28T11:41:36Z,49.1,34.1,5.776,7.245,20.438
2025-10-28T16:42:36Z,2025-10-28T11:42:36Z,48.5,34.2,5.705,7.846,46.579
2025-10-28T16:43:36Z,2025-10-28T11:43:36Z,48.1,34.3,5.704,7.175,34.888
2025-10-28T16:44:36Z,2025-10-28T11:44:36Z,47.6,34.5,5.789,7.633,38.272
2025-10-28T16:45:36Z,2025-10-28T11:45:36Z,47.7,34.6,6.179,7.917,59.977
2025-10-28T16:46:36Z,2025-10-28T11:46:36Z,47.9,34.7,5.543,7.143,27.275
2025-10-28T16:47:36Z,2025-10-28T11:47:36Z,48.3,34.8,5.675,7.743,54.585
2025-10-28T16:48:36Z,2025-10-28T11:48:36Z,48.5,35.0,5.897,8.131,84.671
2025-10-28T16:49:36Z,2025-10-28T11:49:36Z,47.9,35.1,5.329,7.225,59.668
2025-10-28T16:50:36Z,2025-10-28T11:50:36Z,46.9,35.2,6.152,7.97,26.873
2025-10-28T16:51:36Z,2025-10-28T11:51:36Z,46.9,35.2,5.803,7.796,27.536
2025-10-28T17:19:15Z,2025-10-28T12:19:15Z,45.9,35.0,5.638,7.167,20.297
2025-10-28T17:20:00Z,2025-10-28T12:20:00Z,45.8,35.0,6.476,7.877,48.695
2025-10-28T17:21:00Z,2025-10-28T12:21:00Z,45.2,35.0,6.003,7.515,24.77
2025-10-28T17:22:00Z,2025-10-28T12:22:00Z,45.7,34.9,6.087,7.586,60.635
2025-10-28T17:23:00Z,2025-10-28T12:23:00Z,46.3,34.9,6.749,8.567,30.469
2025-10-28T17:24:01Z,2025-10-28T12:24:01Z,46.3,35.0,7.008,8.911,29.9
2025-10-28T17:25:01Z,2025-10-28T12:25:01Z,45.6,35.1,6.684,8.122,38.033
2025-10-28T17:26:01Z,2025-10-28T12:26:01Z,45.9,35.1,6.973,8.588,38.446
2025-10-28T17:27:01Z,2025-10-28T12:27:01Z,45.2,35.2,7.836,9.68,40.998
2025-10-28T17:28:01Z,2025-10-28T12:28:01Z,44.9,35.2,7.827,9.669,33.788
2025-10-28T17:29:01Z,2025-10-28T12:29:01Z,45.5,35.2,7.51,9.38,33.416
2025-10-28T17:30:01Z,2025-10-28T12:30:01Z,45.6,35.3,7.816,9.904,38.171
2025-10-28T17:31:01Z,2025-10-28T12:31:01Z,44.9,35.4,8.206,9.82,19.533
2025-10-28T17:32:01Z,2025-10-28T12:32:01Z,44.3,35.5,7.564,9.68,31.535
2025-10-28T17:33:01Z,2025-10-28T12:33:01Z,44.5,35.5,7.89,9.715,26.255
2025-10-28T17:43:13Z,2025-10-28T12:43:13Z,42.9,36.1,6.882,8.524,37.657
2025-10-28T17:43:58Z,2025-10-28T12:43:58Z,44.2,36.1,7.285,8.742,55.621
2025-10-28T17:44:58Z,2025-10-28T12:44:58Z,44.4,36.1,7.373,8.673,18.22
2025-10-28T17:45:58Z,2025-10-28T12:45:58Z,44.4,36.0,7.196,8.897,38.997
2025-10-28T17:46:58Z,2025-10-28T12:46:58Z,44.2,36.0,7.006,8.67,17.743
2025-10-28T18:02:41Z,2025-10-28T13:02:41Z,43.2,35.9,6.486,8.161,38.783
2025-10-28T18:03:26Z,2025-10-28T13:03:26Z,42.9,35.8,7.544,9.251,39.793
2025-10-28T18:04:26Z,2025-10-28T13:04:26Z,43.9,35.8,7.063,8.542,30.756
2025-10-28T18:05:26Z,2025-10-28T13:05:26Z,43.8,35.7,7.414,8.901,41.177
2025-10-28T18:06:26Z,2025-10-28T13:06:26Z,43.9,35.8,6.543,7.914,31.366
2025-10-28T18:07:26Z,2025-10-28T13:07:26Z,43.1,35.9,7.074,8.832,27.226
2025-10-28T18:08:26Z,2025-10-28T13:08:26Z,43.1,36.0,7.173,9.046,30.911
2025-10-28T18:09:26Z,2025-10-28T13:09:26Z,42.8,36.0,7.722,9.524,19.394
2025-10-28T18:10:26Z,2025-10-28T13:10:26Z,43.1,36.1,7.177,8.943,29.971
2025-10-28T18:11:26Z,2025-10-28T13:11:26Z,42.4,36.2,6.924,8.711,38.104
2025-10-28T18:12:26Z,2025-10-28T13:12:26Z,42.3,36.3,6.846,8.531,34.805
2025-10-28T18:13:26Z,2025-10-28T13:13:26Z,42.2,36.3,7.117,8.776,23.421
2025-10-28T18:14:26Z,2025-10-28T13:14:26Z,42.5,36.3,6.695,8.023,43.13
2025-10-28T18:15:26Z,2025-10-28T13:15:26Z,42.9,36.3,7.436,9.165,54.317
2025-10-28T18:16:26Z,2025-10-28T13:16:26Z,42.2,36.3,6.626,8.331,20.142
2025-10-28T18:17:26Z,2025-10-28T13:17:26Z,42.3,36.3,7.638,9.468,22.529
2025-10-28T18:18:26Z,2025-10-28T13:18:26Z,42.3,36.2,7.527,8.739,41.632
2025-10-28T18:19:26Z,2025-10-28T13:19:26Z,42.3,36.2,7.588,9.143,42.393
2025-10-28T18:20:26Z,2025-10-28T13:20:26Z,42.0,36.2,7.568,9.426,17.547
2025-10-28T18:21:26Z,2025-10-28T13:21:26Z,42.3,36.1,7.58,9.129,59.758
2025-10-28T18:22:27Z,2025-10-28T13:22:27Z,43.1,36.1,7.489,8.84,29.157
2025-10-28T18:23:27Z,2025-10-28T13:23:27Z,43.0,36.1,7.561,9.367,23.247
2025-10-28T18:24:27Z,2025-10-28T13:24:27Z,43.3,36.0,7.348,8.795,41.419
2025-10-28T18:25:27Z,2025-10-28T13:25:27Z,42.8,35.9,7.312,8.85,29.509
2025-10-28T18:26:27Z,2025-10-28T13:26:27Z,43.2,35.9,7.45,8.844,65.533
2025-10-28T18:27:27Z,2025-10-28T13:27:27Z,43.2,35.8,7.385,8.941,23.721
2025-10-28T18:28:27Z,2025-10-28T13:28:27Z,43.8,35.6,7.263,8.87,29.188
2025-10-28T18:29:27Z,2025-10-28T13:29:27Z,43.5,35.5,6.833,8.451,27.039
2025-10-28T18:30:27Z,2025-10-28T13:30:27Z,44.2,35.4,7.517,9.606,35.745
2025-10-28T18:31:27Z,2025-10-28T13:31:27Z,44.2,35.4,7.749,9.46,26.858
2025-10-28T18:32:27Z,2025-10-28T13:32:27Z,44.3,35.3,7.28,9.277,33.224
2025-10-28T18:33:27Z,2025-10-28T13:33:27Z,44.5,35.2,6.823,8.709,23.099
2025-10-28T18:34:27Z,2025-10-28T13:34:27Z,45.2,35.1,7.271,8.813,42.189
2025-10-28T18:35:27Z,2025-10-28T13:35:27Z,45.1,35.0,7.173,8.845,43.864
2025-10-28T18:36:27Z,2025-10-28T13:36:27Z,45.2,34.9,6.95,8.838,33.467
2025-10-28T18:37:27Z,2025-10-28T13:37:27Z,45.6,34.9,7.489,9.037,53.276
2025-10-28T18:38:27Z,2025-10-28T13:38:27Z,45.9,34.8,8.233,9.778,43.156
2025-10-28T18:39:27Z,2025-10-28T13:39:27Z,46.1,34.7,7.584,9.391,22.938
2025-10-28T18:40:27Z,2025-10-28T13:40:27Z,47.1,34.7,7.132,8.832,42.836
2025-10-28T18:41:27Z,2025-10-28T13:41:27Z,46.6,34.6,7.114,9.067,44.08
2025-10-28T19:11:34Z,2025-10-28T14:11:34Z,41.5,36.7,6.295,7.393,54.466
2025-10-28T19:12:19Z,2025-10-28T14:12:19Z,41.7,36.8,6.154,7.765,63.824
2025-10-28T19:13:19Z,2025-10-28T14:13:19Z,41.0,36.9,6.699,8.043,36.537
2025-10-28T19:14:19Z,2025-10-28T14:14:19Z,41.1,37.0,6.284,7.725,40.238
2025-10-28T19:15:19Z,2025-10-28T14:15:19Z,40.7,37.0,6.119,7.837,31.264
2025-10-28T19:16:19Z,2025-10-28T14:16:19Z,41.4,37.1,6.282,7.992,38.679
2025-10-28T19:17:19Z,2025-10-28T14:17:19Z,40.4,37.2,6.284,8.046,29.719
2025-10-28T19:18:19Z,2025-10-28T14:18:19Z,40.3,37.2,7.116,8.987,43.343
2025-10-28T19:19:19Z,2025-10-28T14:19:19Z,40.0,37.3,6.703,8.089,31.377
2025-10-28T19:20:19Z,2025-10-28T14:20:19Z,40.5,37.3,6.774,8.442,15.013
2025-10-28T19:21:19Z,2025-10-28T14:21:19Z,41.1,37.3,6.992,8.671,39.462
2025-10-28T19:22:19Z,2025-10-28T14:22:19Z,41.4,37.3,6.851,8.535,36.679
2025-10-28T19:23:19Z,2025-10-28T14:23:19Z,40.8,37.3,6.367,8.284,27.447
2025-10-28T19:24:19Z,2025-10-28T14:24:19Z,41.3,37.4,6.23,8.26,21.543
2025-10-28T19:25:19Z,2025-10-28T14:25:19Z,40.8,37.5,6.267,8.048,51.299
2025-10-28T19:26:19Z,2025-10-28T14:26:19Z,41.1,37.6,5.869,7.527,32.914
2025-10-28T19:27:19Z,2025-10-28T14:27:19Z,40.1,37.7,6.739,8.439,22.414
2025-10-28T19:28:19Z,2025-10-28T14:28:19Z,40.4,37.9,6.65,8.141,54.79
2025-10-28T19:29:19Z,2025-10-28T14:29:19Z,39.5,38.0,6.866,8.311,22.875
2025-10-28T19:30:19Z,2025-10-28T14:30:19Z,39.3,38.0,6.507,8.097,33.046
2025-10-28T19:31:19Z,2025-10-28T14:31:19Z,39.4,38.0,6.914,8.713,20.915
2025-10-28T19:32:20Z,2025-10-28T14:32:20Z,39.4,38.0,6.549,8.663,32.726
2025-10-28T19:33:20Z,2025-10-28T14:33:20Z,39.5,37.9,6.6,8.5,39.168
2025-10-28T19:34:20Z,2025-10-28T14:34:20Z,40.5,37.8,6.709,8.113,51.218
2025-10-28T19:35:20Z,2025-10-28T14:35:20Z,39.5,37.8,6.243,7.893,35.909
2025-10-28T19:36:20Z,2025-10-28T14:36:20Z,39.6,37.8,6.297,7.946,16.184
2025-10-28T19:37:20Z,2025-10-28T14:37:20Z,40.4,37.8,7.127,8.736,40.915
2025-10-28T19:38:20Z,2025-10-28T14:38:20Z,39.9,37.8,6.852,8.531,40.339
2025-10-28T19:39:20Z,2025-10-28T14:39:20Z,39.7,37.8,6.342,8.191,25.104
2025-10-28T19:40:20Z,2025-10-28T14:40:20Z,39.7,37.7,6.443,8.336,24.767
2025-10-28T19:41:20Z,2025-10-28T14:41:20Z,40.0,37.7,6.377,8.19,70.528
2025-10-28T19:42:20Z,2025-10-28T14:42:20Z,39.6,37.6,6.266,7.787,22.127
2025-10-28T19:43:20Z,2025-10-28T14:43:20Z,40.0,37.6,6.555,8.589,25.652
2025-10-28T19:44:20Z,2025-10-28T14:44:20Z,40.9,37.5,6.464,8.142,28.656
2025-10-28T19:45:20Z,2025-10-28T14:45:20Z,40.5,37.4,7.038,8.545,39.37
2025-10-28T19:46:20Z,2025-10-28T14:46:20Z,40.9,37.4,6.311,7.726,47.002
2025-10-28T19:47:20Z,2025-10-28T14:47:20Z,40.6,37.4,6.362,8.336,35.122
2025-10-28T19:48:20Z,2025-10-28T14:48:20Z,41.0,37.4,6.467,8.183,19.94
2025-10-28T19:49:20Z,2025-10-28T14:49:20Z,40.1,37.4,6.409,8.182,44.225
2025-10-28T19:50:20Z,2025-10-28T14:50:20Z,40.8,37.3,6.335,8.182,36.275
2025-10-28T19:51:20Z,2025-10-28T14:51:20Z,40.4,37.3,6.766,8.933,42.01
2025-10-28T19:52:20Z,2025-10-28T14:52:20Z,40.9,37.3,6.313,7.805,33.954
2025-10-28T19:53:20Z,2025-10-28T14:53:20Z,40.7,37.4,6.234,8.088,33.671
2025-10-28T19:54:20Z,2025-10-28T14:54:20Z,41.1,37.5,6.36,7.992,31.048
2025-10-28T19:55:20Z,2025-10-28T14:55:20Z,40.4,37.6,6.992,8.566,44.603
2025-10-28T19:56:20Z,2025-10-28T14:56:20Z,40.8,37.7,7.198,9.1,27.038
2025-10-28T19:57:20Z,2025-10-28T14:57:20Z,39.7,37.8,6.784,8.63,29.084
2025-10-28T19:58:20Z,2025-10-28T14:58:20Z,39.9,37.9,6.564,8.162,24.868
2025-10-28T19:59:21Z,2025-10-28T14:59:21Z,39.2,38.1,6.631,8.534,33.972
2025-10-28T20:00:21Z,2025-10-28T15:00:21Z,39.1,38.2,6.692,8.735,26.647
2025-10-28T20:01:21Z,2025-10-28T15:01:21Z,39.0,38.2,6.943,8.509,19.814
2025-10-28T20:02:21Z,2025-10-28T15:02:21Z,39.3,38.2,6.635,8.262,35.436
2025-10-28T20:03:21Z,2025-10-28T15:03:21Z,39.3,38.2,6.779,8.397,28.917
2025-10-28T20:04:21Z,2025-10-28T15:04:21Z,38.6,38.1,6.989,8.854,29.929
2025-10-28T20:05:21Z,2025-10-28T15:05:21Z,38.7,38.1,7.113,9.113,33.001
2025-10-28T20:06:21Z,2025-10-28T15:06:21Z,38.6,38.2,6.426,8.208,22.162
2025-10-28T20:07:21Z,2025-10-28T15:07:21Z,38.5,38.2,6.974,8.671,33.791
2025-10-28T20:08:21Z,2025-10-28T15:08:21Z,39.1,38.2,6.907,8.603,59.891
2025-10-28T20:09:21Z,2025-10-28T15:09:21Z,38.8,38.2,6.74,8.438,35.787
2025-10-28T20:10:21Z,2025-10-28T15:10:21Z,39.4,38.2,7.134,8.915,39.316
2025-10-28T20:28:29Z,2025-10-28T15:28:29Z,41.3,37.1,6.458,7.967,30.715
2025-10-28T20:29:14Z,2025-10-28T15:29:14Z,41.6,37.0,8.88,10.797,42.877
2025-10-28T20:30:14Z,2025-10-28T15:30:14Z,42.1,36.8,7.027,8.508,57.146
2025-10-28T20:31:14Z,2025-10-28T15:31:14Z,42.4,36.6,6.709,8.424,38.51
2025-10-28T20:32:14Z,2025-10-28T15:32:14Z,42.9,36.5,7.025,8.767,44.647
2025-10-28T20:36:24Z,2025-10-28T15:36:24Z,43.6,36.0,29.729,31.161,69.776
2025-10-28T20:37:09Z,2025-10-28T15:37:09Z,44.1,35.9,7.486,9.237,28.034
2025-10-28T20:38:09Z,2025-10-28T15:38:09Z,44.3,35.8,7.03,8.86,34.401
2025-10-28T20:39:09Z,2025-10-28T15:39:09Z,45.0,35.7,7.456,8.968,33.628
2025-10-28T20:40:09Z,2025-10-28T15:40:09Z,45.2,35.6,7.409,8.937,24.184
2025-10-28T22:25:53Z,2025-10-28T17:25:53Z,85.6,26.7,,,
2025-10-28T22:26:39Z,2025-10-28T17:26:39Z,85.7,26.6,,,
2025-10-28T22:27:34Z,2025-10-28T17:27:34Z,85.0,26.6,,,
2025-10-28T22:28:34Z,2025-10-28T17:28:34Z,84.9,26.7,,,
2025-10-28T22:29:34Z,2025-10-28T17:29:34Z,83.7,26.7,,,
